id,name
0,#hash_391c7988e915bc3b
1,#hash_3d20e447e00ec4c3
2,#hash_78e278fa7263eed0
3,#hash_20d7dbcbcac38f3c
4,#hash_2e7cd0fd70fd1f3
5,#hash_488c8eb6b6dcb261
6,#hash_56893458a56717a9
7,#hash_55d1004feee47656
8,#hash_4233b11e01d21afa
9,#hash_7b4d6d926c058620
10,#hash_27aff893685d8a1f
11,#hash_25b8a1b3b484199
12,#hash_18680339e9d804dc
13,#hash_2567e5c230b53141
14,#hash_58dbbe46147f6315
15,#hash_4296da253f7a246b
16,#hash_601d99808e5618c6
17,#hash_2208061a9a98d0b8
18,#hash_3f45cd7111b7111a
19,#hash_75d63ba64cddbdcc
20,#hash_685d1f1f42fbdd02
21,#hash_6a75ad6df978d689
22,#hash_11e2bfa2be3b817e
23,#hash_23b90a9c314f547e
24,#hash_42fc1cce3f89ffd3
25,#hash_76a82775cbd1585a
26,#hash_575deaf59bcd549c
27,#hash_2006ce8cadc5afbd
28,#hash_3ff36f18c5c634
29,#hash_a1909a2da7fef87
30,#hash_488c5d4055a4dc04
31,#hash_e9f0fc642bfdf7
32,#hash_714bed9efc78075
33,#hash_6f5041dc53191b0a
34,#hash_7358610a60eeeaef
35,#hash_9fefa9b54b858cf
36,#hash_61d75ee8fb16aa36
37,#hash_1590a8a10215290b
38,#hash_36a9eb97e0155c8f
39,#hash_38391df1a0f1a69e
40,#hash_14c16de442a1213b
41,#hash_5fa03e9fe0c414ff
42,#hash_25adb73403fd21ef
43,#hash_5d0033dbb6288572
44,#hash_335e121767d1198
45,#hash_2c14e9dcdae84a24
46,#hash_72c559aec195420d
47,#hash_6876f8a914528031
48,#hash_344f7342b849d315
49,#hash_797e8b130a41a2d7
50,#hash_268c609d62d79847
51,#hash_781236240e673595
52,#hash_4cdb4c520414e9ee
53,#hash_263bea2dd54eb3c6
54,#hash_604e18c20d7a4aa0