#,#,,0,,0,0,0,0
#hash_372e185a1fe79f9,#loot_stream,5603332,800,8603332,24,0,0,1
#hash_372e185a1fe79f9,#loot_stream,6603332,800,9603332,30,200,100,2
#hash_252d40bcee8f74c,#loot_stream,5752686,800,8752686,24,0,0,1
#hash_252d40bcee8f74c,#loot_stream,6752686,800,9752686,30,200,100,2
#hash_36522f6c26c1899b,#hash_731315ef3fb1ae07,5543573,800,8543573,24,0,0,1
#hash_36522f6c26c1899b,#hash_731315ef3fb1ae07,6543573,800,9543573,30,200,100,2
#hash_ebc836765ea9696,#hash_731315ef3fb1ae07,5049281,800,8049281,24,0,0,1
#hash_ebc836765ea9696,#hash_731315ef3fb1ae07,6049281,800,9049281,30,200,100,2
#hash_6d4e7c9277cbc35e,#loot_stream,5200345,800,8200345,24,0,0,1
#hash_6d4e7c9277cbc35e,#loot_stream,6200345,800,9200345,30,200,100,2
#loot_character_takeo_ofc,#hash_731315ef3fb1ae07,5284655,800,8284655,24,0,0,1
#loot_character_takeo_ofc,#hash_731315ef3fb1ae07,6284655,800,9284655,30,200,100,2
#hash_73617ba9fbfd5096,#hash_731315ef3fb1ae07,5329646,800,8329646,24,0,0,1
#hash_73617ba9fbfd5096,#hash_731315ef3fb1ae07,6329646,800,9329646,30,200,100,2
#prt_wz_hudson,#loot_stream,5702353,800,8702353,24,0,0,1
#prt_wz_hudson,#loot_stream,6702353,800,9702353,30,200,100,2
#loot_contract_misty,#special_order,5798037,700,8798037,24,0,0,1
#loot_contract_misty,#special_order,6798037,700,9798037,30,200,100,2
#loot_contract_replacer_vacation,#special_order,5986193,800,8986193,24,0,0,1
#loot_contract_replacer_vacation,#special_order,6986193,800,9986193,30,200,100,2
#loot_contract_richtofen,#special_order,5781759,800,8781759,24,0,0,1
#loot_contract_richtofen,#special_order,6781759,800,9781759,30,200,100,2
#loot_contract_russman,#special_order,5812384,800,8812384,24,0,0,1
#loot_contract_russman,#special_order,6812384,800,9812384,30,200,100,2
#loot_contract_sergei,#special_order,5197547,800,8197547,24,0,0,1
#loot_contract_sergei,#special_order,6197547,800,9197547,30,200,100,2
#loot_contract_stuhlinger,#special_order,5500256,800,8500256,24,0,0,1
#loot_contract_stuhlinger,#special_order,6500256,800,9500256,30,200,100,2
#loot_contract_tedd,#special_order,5788092,800,8788092,24,0,0,1
#loot_contract_tedd,#special_order,6788092,800,9788092,30,200,100,2
#loot_contract_grigori_weaver,#special_order,5406347,800,8406347,24,0,0,1
#loot_contract_grigori_weaver,#special_order,6406347,800,9406347,30,200,100,2
#hash_28fcbdbfb20565b0,#hash_731315ef3fb1ae07,5975469,1100,8975469,40,0,0,1
#hash_28fcbdbfb20565b0,#hash_731315ef3fb1ae07,6975469,1100,9975469,50,200,100,2
#hash_3c404d5b5f400ae8,#loot_stream,5935513,400,8935513,10,0,0,1
#hash_3c404d5b5f400ae8,#loot_stream,6935513,400,9935513,12,200,300,2
#hash_3da862048f79db96,#loot_stream,5344046,400,8344046,10,0,0,1
#hash_3da862048f79db96,#loot_stream,6344046,400,9344046,12,200,300,2
#hash_58ea581b4917bffa,#loot_stream,5701491,400,8701491,10,0,0,1
#hash_58ea581b4917bffa,#loot_stream,6701491,400,9701491,12,200,300,2
#hash_2ee6d9e68e4aba01,#hash_731315ef3fb1ae07,5090974,400,8090974,10,0,0,1
#hash_2ee6d9e68e4aba01,#hash_731315ef3fb1ae07,6090974,400,9090974,12,200,300,2
#hash_323226006eb23dea,#hash_731315ef3fb1ae07,5103318,400,8103318,9,0,0,1
#hash_323226006eb23dea,#hash_731315ef3fb1ae07,6103318,400,9103318,12,25,50,2
#hash_1758f578d1ea9a58,#hash_731315ef3fb1ae07,5798655,400,8798655,9,0,0,1
#hash_1758f578d1ea9a58,#hash_731315ef3fb1ae07,6798655,400,9798655,12,25,50,2
#hash_323b07e80c6cf63c,#hash_731315ef3fb1ae07,5638136,400,8638136,9,0,0,1
#hash_323b07e80c6cf63c,#hash_731315ef3fb1ae07,6638136,400,9638136,12,25,50,2
#hash_4c1c89c4dd09c6db,#hash_731315ef3fb1ae07,5042290,400,8042290,9,0,0,1
#hash_4c1c89c4dd09c6db,#hash_731315ef3fb1ae07,6042290,400,9042290,12,25,50,2
#hash_53e2ef3b00c546d5,#loot_stream,5964591,300,8964591,5,25,50,1
#hash_53e2ef3b00c546d5,#loot_stream,6964591,300,9964591,3,0,0,2
#hash_3dbdc54aae236b01,#hash_731315ef3fb1ae07,5400699,300,8400699,5,25,50,1
#hash_3dbdc54aae236b01,#hash_731315ef3fb1ae07,6400699,300,9400699,3,0,0,2
#hash_120362edb71547ef,#loot_stream,5810998,300,8810998,5,25,50,1
#hash_120362edb71547ef,#loot_stream,6810998,300,9810998,3,0,0,2
#loot_emote_exotic_shared_magician_hat,#hash_731315ef3fb1ae07,5592250,300,8592250,5,25,50,1
#loot_emote_exotic_shared_magician_hat,#hash_731315ef3fb1ae07,6592250,300,9592250,3,0,0,2
#hash_61bc88f336591d1f,#loot_stream,5858972,300,8858972,5,25,50,1
#hash_61bc88f336591d1f,#loot_stream,6858972,300,9858972,3,0,0,2
#hash_210628c39deb6c83,#loot_stream,5295217,400,8295217,9,0,0,1
#hash_210628c39deb6c83,#loot_stream,6295217,400,9295217,12,25,50,2
#hash_5e721055d1e3132c,#loot_stream,5946119,300,8946119,5,25,50,1
#hash_5e721055d1e3132c,#loot_stream,6946119,300,9946119,3,0,0,2
#hash_ec37a45b8b03c5f,#hash_731315ef3fb1ae07,5919843,400,8919843,9,0,0,1
#hash_ec37a45b8b03c5f,#hash_731315ef3fb1ae07,6919843,400,9919843,12,25,50,2
#hash_32f07b49d4d03ad8,#loot_stream,5572510,300,8572510,5,25,50,1
#hash_32f07b49d4d03ad8,#loot_stream,6572510,300,9572510,3,0,0,2
#hash_7d499a495dd9ac9c,#loot_stream,5885998,300,8885998,5,25,50,1
#hash_7d499a495dd9ac9c,#loot_stream,6885998,300,9885998,3,0,0,2
#hash_5224e0fe8eede0df,#loot_stream,5053810,300,8053810,5,25,50,1
#hash_5224e0fe8eede0df,#loot_stream,6053810,300,9053810,3,0,0,2
#hash_2077de0b550e0019,#loot_stream,5456087,300,8456087,5,25,50,1
#hash_2077de0b550e0019,#loot_stream,6456087,300,9456087,3,0,0,2
#hash_4335e56367115ccd,#loot_stream,5115494,300,8115494,5,25,50,1
#hash_4335e56367115ccd,#loot_stream,6115494,300,9115494,3,0,0,2
#hash_15dcf381051fb6aa,#loot_stream,5327375,300,8327375,5,25,50,1
#hash_15dcf381051fb6aa,#loot_stream,6327375,300,9327375,3,0,0,2
#hash_5b396636e302d46,#loot_stream,5919548,300,8919548,5,25,50,1
#hash_5b396636e302d46,#loot_stream,6919548,300,9919548,3,0,0,2
#loot_emote_exotic_shared_spike_football,#hash_731315ef3fb1ae07,5554471,400,8554471,9,0,0,1
#loot_emote_exotic_shared_spike_football,#hash_731315ef3fb1ae07,6554471,400,9554471,12,25,50,2
#loot_emote_exotic_shared_stabby_banana,#hash_731315ef3fb1ae07,5212907,400,8212907,9,0,0,1
#loot_emote_exotic_shared_stabby_banana,#hash_731315ef3fb1ae07,6212907,400,9212907,12,25,50,2
#hash_18722a5abcde77e7,#loot_stream,5079766,300,8079766,5,25,50,1
#hash_18722a5abcde77e7,#loot_stream,6079766,300,9079766,3,0,0,2
#hash_6ed891a49a479e12,#loot_stream,5589253,300,8589253,5,25,50,1
#hash_6ed891a49a479e12,#loot_stream,6589253,300,9589253,3,0,0,2
#hash_21891542ebc7cf1b,#loot_stream,5207775,300,8207775,5,25,50,1
#hash_21891542ebc7cf1b,#loot_stream,6207775,300,9207775,3,0,0,2
#hash_29c8256a31c9fb0,#loot_stream,5723418,300,8723418,5,25,50,1
#hash_29c8256a31c9fb0,#loot_stream,6723418,300,9723418,3,0,0,2
#hash_28cb03d27cd152b2,#loot_stream,5358922,300,8358922,5,25,50,1
#hash_28cb03d27cd152b2,#loot_stream,6358922,300,9358922,3,0,0,2
#hash_492c6239d161a4ae,#loot_stream,5367623,300,8367623,5,25,50,1
#hash_492c6239d161a4ae,#loot_stream,6367623,300,9367623,3,0,0,2
#hash_501730ef2da43be2,#loot_stream,5440758,300,8440758,5,25,50,1
#hash_501730ef2da43be2,#loot_stream,6440758,300,9440758,3,0,0,2
#hash_d503431612ecb68,#loot_stream,5982190,300,8982190,5,25,50,1
#hash_d503431612ecb68,#loot_stream,6982190,300,9982190,3,0,0,2
#hash_66ace1c992aad93,#loot_stream,5427029,200,8427029,4,25,50,1
#hash_66ace1c992aad93,#loot_stream,6427029,200,9427029,2,0,0,2
#loot_emote_shared_give_up,#hash_731315ef3fb1ae07,5087829,200,8087829,4,25,50,1
#loot_emote_shared_give_up,#hash_731315ef3fb1ae07,6087829,200,9087829,2,0,0,2
#hash_210bb07fc268e94a,#loot_stream,5102068,200,8102068,4,25,50,1
#hash_210bb07fc268e94a,#loot_stream,6102068,200,9102068,2,0,0,2
#hash_780f3fc7bf1128b8,#loot_stream,5828509,200,8828509,4,25,50,1
#hash_780f3fc7bf1128b8,#loot_stream,6828509,200,9828509,2,0,0,2
#hash_41583c714d53dbba,#loot_stream,5397395,200,8397395,4,25,50,1
#hash_41583c714d53dbba,#loot_stream,6397395,200,9397395,2,0,0,2
#hash_7071c756e8ce2a5a,#loot_stream,5174900,200,8174900,4,25,50,1
#hash_7071c756e8ce2a5a,#loot_stream,6174900,200,9174900,2,0,0,2
#hash_469eff0a02bcaf54,#loot_stream,5295041,200,8295041,4,25,50,1
#hash_469eff0a02bcaf54,#loot_stream,6295041,200,9295041,2,0,0,2
#loot_emote_shared_nay,#hash_731315ef3fb1ae07,5333472,200,8333472,4,25,50,1
#loot_emote_shared_nay,#hash_731315ef3fb1ae07,6333472,200,9333472,2,0,0,2
#hash_507a33f6ccf4461f,#loot_stream,5666678,200,8666678,4,25,50,1
#hash_507a33f6ccf4461f,#loot_stream,6666678,200,9666678,2,0,0,2
#hash_507a30f6ccf44106,#loot_stream,5608517,200,8608517,4,25,50,1
#hash_507a30f6ccf44106,#loot_stream,6608517,200,9608517,2,0,0,2
#hash_507a31f6ccf442b9,#loot_stream,5537943,200,8537943,4,25,50,1
#hash_507a31f6ccf442b9,#loot_stream,6537943,200,9537943,2,0,0,2
#hash_507a2ef6ccf43da0,#loot_stream,5608085,200,8608085,4,25,50,1
#hash_507a2ef6ccf43da0,#loot_stream,6608085,200,9608085,2,0,0,2
#hash_507a3cf6ccf4556a,#loot_stream,5059206,200,8059206,4,25,50,1
#hash_507a3cf6ccf4556a,#loot_stream,6059206,200,9059206,2,0,0,2
#hash_75d578ac31bee71a,#loot_stream,5190235,200,8190235,4,25,50,1
#hash_75d578ac31bee71a,#loot_stream,6190235,200,9190235,2,0,0,2
#hash_3217f3be89603d86,#loot_stream,5135361,200,8135361,4,25,50,1
#hash_3217f3be89603d86,#loot_stream,6135361,200,9135361,2,0,0,2
#hash_2f362d9d423dde58,#loot_stream,5781052,200,8781052,4,25,50,1
#hash_2f362d9d423dde58,#loot_stream,6781052,200,9781052,2,0,0,2
#loot_emote_shared_shuffle_dance,#hash_731315ef3fb1ae07,5122843,200,8122843,4,25,50,1
#loot_emote_shared_shuffle_dance,#hash_731315ef3fb1ae07,6122843,200,9122843,2,0,0,2
#loot_emote_shared_shush,#hash_731315ef3fb1ae07,5471455,200,8471455,4,25,50,1
#loot_emote_shared_shush,#hash_731315ef3fb1ae07,6471455,200,9471455,2,0,0,2
#loot_emote_shared_tai_chi,#hash_731315ef3fb1ae07,5229295,200,8229295,4,25,50,1
#loot_emote_shared_tai_chi,#hash_731315ef3fb1ae07,6229295,200,9229295,2,0,0,2
#hash_19e5198281595bae,#loot_stream,5595438,200,8595438,4,25,50,1
#hash_19e5198281595bae,#loot_stream,6595438,200,9595438,2,0,0,2
#hash_b916f20cabc60b,#loot_stream,5525371,200,8525371,4,25,50,1
#hash_b916f20cabc60b,#loot_stream,6525371,200,9525371,2,0,0,2
#funky_dance_bundle,#hash_731315ef3fb1ae07,5085597,500,8085597,12,25,50,1
#funky_dance_bundle,#hash_731315ef3fb1ae07,6085597,500,9085597,9,0,0,2
#gesture_dance_bundle,#hash_731315ef3fb1ae07,5435265,500,8435265,12,25,50,1
#gesture_dance_bundle,#hash_731315ef3fb1ae07,6435265,500,9435265,9,0,0,2
#summer_gesture_bundle,#hash_731315ef3fb1ae07,5205302,500,8205302,12,25,50,1
#summer_gesture_bundle,#hash_731315ef3fb1ae07,6205302,500,9205302,9,0,0,2
#c_t8_bo_jumpkit_game_cartridge,#hash_731315ef3fb1ae07,5128148,300,8128148,9,50,100,1
#c_t8_bo_jumpkit_game_cartridge,#hash_731315ef3fb1ae07,6128148,300,9128148,5,0,0,2
#c_t8_bo_jumpkit_kraken,#loot_stream,5331606,300,8331606,9,50,100,1
#c_t8_bo_jumpkit_kraken,#loot_stream,6331606,300,9331606,5,0,0,2
#c_t8_bo_jumpkit_pirate,#loot_stream,5126053,300,8126053,9,50,100,1
#c_t8_bo_jumpkit_pirate,#loot_stream,6126053,300,9126053,5,0,0,2
#jumpjack_hearts,#loot_stream,5454210,300,8454210,9,50,100,1
#jumpjack_hearts,#loot_stream,6454210,300,9454210,5,0,0,2
#jumppack_american_flag,#hash_731315ef3fb1ae07,5237382,300,8237382,9,50,100,1
#jumppack_american_flag,#hash_731315ef3fb1ae07,6237382,300,9237382,5,0,0,2
#jumppack_chinese_new_year,#hash_731315ef3fb1ae07,5951465,300,8951465,9,50,100,1
#jumppack_chinese_new_year,#hash_731315ef3fb1ae07,6951465,300,9951465,5,0,0,2
#jumppack_diner,#loot_stream,5607233,300,8607233,9,50,100,1
#jumppack_diner,#loot_stream,6607233,300,9607233,5,0,0,2
#jumppack_elvis,#hash_731315ef3fb1ae07,5128991,300,8128991,9,50,100,1
#jumppack_elvis,#hash_731315ef3fb1ae07,6128991,300,9128991,5,0,0,2
#jumppack_heist,#hash_731315ef3fb1ae07,5681000,300,8681000,9,50,100,1
#jumppack_heist,#hash_731315ef3fb1ae07,6681000,300,9681000,5,0,0,2
#jumppack_hide,#hash_731315ef3fb1ae07,5073231,300,8073231,9,50,100,1
#jumppack_hide,#hash_731315ef3fb1ae07,6073231,300,9073231,5,0,0,2
#jumppack_wraith,#loot_stream,5658142,300,8658142,9,50,100,1
#jumppack_wraith,#loot_stream,6658142,300,9658142,5,0,0,2
#hash_34789ed9ba54e0fe,#hash_731315ef3fb1ae07,5669051,1000,8669051,35,0,0,1
#hash_34789ed9ba54e0fe,#hash_731315ef3fb1ae07,6669051,1000,9669051,45,400,100,2
#hash_6b0aefb8f37dc588,#hash_731315ef3fb1ae07,5280073,1000,8280073,35,0,0,1
#hash_6b0aefb8f37dc588,#hash_731315ef3fb1ae07,6280073,1000,9280073,45,400,100,2
#hash_76e567317eadea80,#hash_731315ef3fb1ae07,5810459,1000,8810459,35,0,0,1
#hash_76e567317eadea80,#hash_731315ef3fb1ae07,6810459,1000,9810459,45,400,100,2
#hash_1e3f62527c62ab35,#hash_731315ef3fb1ae07,5015882,1000,8015882,35,0,0,1
#hash_1e3f62527c62ab35,#hash_731315ef3fb1ae07,6015882,1000,9015882,45,400,100,2
#loot_contract_rampart_mastercraft,#special_order,5701226,1400,8701226,42,0,0,1
#loot_contract_rampart_mastercraft,#special_order,6701226,1400,9701226,52,400,100,2
#loot_contract_ahabs_revenge,#special_order,5028475,1400,8028475,42,0,0,1
#loot_contract_ahabs_revenge,#special_order,6028475,1400,9028475,52,400,100,2
#loot_contract_gks_mastercraft,#special_order,5369650,1400,8369650,42,0,0,1
#loot_contract_gks_mastercraft,#special_order,6369650,1400,9369650,52,400,100,2
#loot_contract_deep_voyage,#special_order,5931281,1400,8931281,42,0,0,1
#loot_contract_deep_voyage,#special_order,6931281,1400,9931281,52,400,100,2
#mastercraft_enforcer_bundle,#hash_731315ef3fb1ae07,5440985,1000,8440985,30,0,0,1
#mastercraft_enforcer_bundle,#hash_731315ef3fb1ae07,6440985,1000,9440985,40,400,100,2
#loot_contract_kn57_mastercraft,#special_order,5831176,1400,8831176,42,0,0,1
#loot_contract_kn57_mastercraft,#special_order,6831176,1400,9831176,52,400,100,2
#hash_3a8f1af95869c291,#hash_731315ef3fb1ae07,5405517,1000,8405517,30,0,0,1
#hash_3a8f1af95869c291,#hash_731315ef3fb1ae07,6405517,1000,9405517,40,400,100,2
#loot_contract_icr7_mastercraft,#special_order,5075972,1400,8075972,42,0,0,1
#loot_contract_icr7_mastercraft,#special_order,6075972,1400,9075972,52,400,100,2
#hash_5e3c5598bd1f8853,#hash_731315ef3fb1ae07,5196971,1000,8196971,35,0,0,1
#hash_5e3c5598bd1f8853,#hash_731315ef3fb1ae07,6196971,1000,9196971,45,400,100,2
#mastercraft_hades_snake,#hash_731315ef3fb1ae07,5180433,1000,8180433,30,0,0,1
#mastercraft_hades_snake,#hash_731315ef3fb1ae07,6180433,1000,9180433,40,400,100,2
#mastercraft_sdm_wetworks,#hash_731315ef3fb1ae07,5619577,1000,8619577,30,0,0,1
#mastercraft_sdm_wetworks,#hash_731315ef3fb1ae07,6619577,1000,9619577,40,400,100,2
#loot_contract_valkyrie,#special_order,5795578,1000,8795578,35,0,0,1
#loot_contract_valkyrie,#special_order,6795578,1000,9795578,45,400,100,2
#mastercraft_vampire_hunter,#hash_731315ef3fb1ae07,5285318,1000,8285318,35,0,0,1
#mastercraft_vampire_hunter,#hash_731315ef3fb1ae07,6285318,1000,9285318,45,400,100,2
#hash_12d3ab58db24b8c4,#hash_731315ef3fb1ae07,5236666,1000,8236666,30,0,0,1
#hash_12d3ab58db24b8c4,#hash_731315ef3fb1ae07,6236666,1000,9236666,40,400,100,2
#loot_contract_space_shuttle,#special_order,5232502,1000,8232502,35,0,0,1
#loot_contract_space_shuttle,#special_order,6232502,1000,9232502,45,400,100,2
#hash_1f9eac2894133fdb,#hash_731315ef3fb1ae07,5991663,1000,8991663,30,0,0,1
#hash_1f9eac2894133fdb,#hash_731315ef3fb1ae07,6991663,1000,9991663,40,400,100,2
#hash_715d1f5714045e7,#hash_731315ef3fb1ae07,5385963,1000,8385963,25,0,0,1
#hash_715d1f5714045e7,#hash_731315ef3fb1ae07,6385963,1000,9385963,35,200,100,2
#hash_384e8aacc9803758,#hash_731315ef3fb1ae07,5528636,1000,8528636,25,0,0,1
#hash_384e8aacc9803758,#hash_731315ef3fb1ae07,6528636,1000,9528636,35,200,100,2
#hash_50949d3c90b19875,#hash_731315ef3fb1ae07,5287981,1000,8287981,25,0,0,1
#hash_50949d3c90b19875,#hash_731315ef3fb1ae07,6287981,1000,9287981,35,200,100,2
#hash_36994e1d3c30ae0,#hash_731315ef3fb1ae07,5036006,1000,8036006,25,0,0,1
#hash_36994e1d3c30ae0,#hash_731315ef3fb1ae07,6036006,1000,9036006,35,200,100,2
#hash_7dbf943566be7f62,#hash_731315ef3fb1ae07,5165413,1000,8165413,25,0,0,1
#hash_7dbf943566be7f62,#hash_731315ef3fb1ae07,6165413,1000,9165413,35,200,100,2
#hash_693f6842b9c972c1,#hash_731315ef3fb1ae07,5721232,1000,8721232,25,0,0,1
#hash_693f6842b9c972c1,#hash_731315ef3fb1ae07,6721232,1000,9721232,35,200,100,2
#hash_43c64620c77181e8,#hash_731315ef3fb1ae07,5461828,1000,8461828,25,0,0,1
#hash_43c64620c77181e8,#hash_731315ef3fb1ae07,6461828,1000,9461828,35,200,100,2
#hash_4b084e9936df7435,#hash_731315ef3fb1ae07,5814165,1000,8814165,25,0,0,1
#hash_4b084e9936df7435,#hash_731315ef3fb1ae07,6814165,1000,9814165,35,200,100,2
#hash_39827b4fa366ff60,#hash_731315ef3fb1ae07,5229075,1000,8229075,25,0,0,1
#hash_39827b4fa366ff60,#hash_731315ef3fb1ae07,6229075,1000,9229075,35,200,100,2
#hash_68bcb644c668ed5e,#hash_731315ef3fb1ae07,5416834,1600,8416834,50,0,0,1
#hash_68bcb644c668ed5e,#hash_731315ef3fb1ae07,6416834,1600,9416834,60,400,100,2
#loot_contract_carbon_cobra,#special_order,5018433,2000,8018433,55,0,0,1
#loot_contract_carbon_cobra,#special_order,6018433,2000,9018433,65,400,100,2
#hash_3b0302074cdc716,#hash_731315ef3fb1ae07,5907203,1400,8907203,50,0,0,1
#hash_3b0302074cdc716,#hash_731315ef3fb1ae07,6907203,1400,9907203,60,400,100,2
#hash_47df4aad46308f9d,#hash_731315ef3fb1ae07,5713948,1400,8713948,50,0,0,1
#hash_47df4aad46308f9d,#hash_731315ef3fb1ae07,6713948,1400,9713948,60,400,100,2
#hash_4ff9920c2d10bbe0,#hash_731315ef3fb1ae07,5730441,800,8730441,24,0,0,1
#hash_4ff9920c2d10bbe0,#hash_731315ef3fb1ae07,6730441,800,9730441,30,100,100,2
#hash_4b0c233f4b6e23c5,#hash_731315ef3fb1ae07,5243902,800,8243902,24,0,0,1
#hash_4b0c233f4b6e23c5,#hash_731315ef3fb1ae07,6243902,800,9243902,30,100,100,2
#hash_196da1a173ac9e77,#hash_731315ef3fb1ae07,5142802,800,8142802,24,0,0,1
#hash_196da1a173ac9e77,#hash_731315ef3fb1ae07,6142802,800,9142802,30,100,100,2
#outfit_warrior_epic1robber_firebreak,#hash_731315ef3fb1ae07,5120062,800,8120062,24,0,0,1
#outfit_warrior_epic1robber_firebreak,#hash_731315ef3fb1ae07,6120062,800,9120062,30,100,100,2
#loot_contract_ajax_roman_warrior,#special_order,5597846,800,8597846,24,0,0,1
#loot_contract_ajax_roman_warrior,#special_order,6597846,800,9597846,30,100,100,2
#hash_6ada7adb6a407f03,#hash_731315ef3fb1ae07,5836266,800,8836266,24,0,0,1
#hash_6ada7adb6a407f03,#hash_731315ef3fb1ae07,6836266,800,9836266,30,100,100,2
#loot_contract_recon_samurai,#special_order,5088436,800,8088436,24,0,0,1
#loot_contract_recon_samurai,#special_order,6088436,800,9088436,30,100,100,2
#hash_5bdf8b6177e6231a,#hash_731315ef3fb1ae07,5542147,800,8542147,24,0,0,1
#hash_5bdf8b6177e6231a,#hash_731315ef3fb1ae07,6542147,800,9542147,30,100,100,2
#hash_17f14607c44704e2,#hash_731315ef3fb1ae07,5858992,800,8858992,24,0,0,1
#hash_17f14607c44704e2,#hash_731315ef3fb1ae07,6858992,800,9858992,30,100,100,2
#hash_53c974f28b0e6fe0,#hash_731315ef3fb1ae07,5443463,800,8443463,24,0,0,1
#hash_53c974f28b0e6fe0,#hash_731315ef3fb1ae07,6443463,800,9443463,30,100,100,2
#hash_3732ca0298337d35,#hash_731315ef3fb1ae07,5728644,800,8728644,24,0,0,1
#hash_3732ca0298337d35,#hash_731315ef3fb1ae07,6728644,800,9728644,30,100,100,2
#hash_265fe183b98b9701,#hash_731315ef3fb1ae07,5704499,800,8704499,24,0,0,1
#hash_265fe183b98b9701,#hash_731315ef3fb1ae07,6704499,800,9704499,30,100,100,2
#loot_contract_ruin_modern_viking,#special_order,5424760,800,8424760,24,0,0,1
#loot_contract_ruin_modern_viking,#special_order,6424760,800,9424760,30,100,100,2
#loot_contract_seraph_crimson_lotus,#special_order,5257893,800,8257893,24,0,0,1
#loot_contract_seraph_crimson_lotus,#special_order,6257893,800,9257893,30,100,100,2
#loot_contract_torque_highlander,#special_order,5366927,800,8366927,24,0,0,1
#loot_contract_torque_highlander,#special_order,6366927,800,9366927,30,100,100,2
#hash_7c1a386589af10ae,#hash_731315ef3fb1ae07,5790923,800,8790923,24,0,0,1
#hash_7c1a386589af10ae,#hash_731315ef3fb1ae07,6790923,800,9790923,30,100,100,2
#outfit_assassin_legendary1_ruin,#hash_731315ef3fb1ae07,5612163,400,8612163,12,0,0,1
#outfit_assassin_legendary1_ruin,#hash_731315ef3fb1ae07,6612163,400,9612163,15,25,50,2
#hash_35498412db5b8440,#hash_731315ef3fb1ae07,5627638,800,8627638,24,0,0,1
#hash_35498412db5b8440,#hash_731315ef3fb1ae07,6627638,800,9627638,30,100,100,2
#hash_2617059b13c64030,#loot_stream,5529236,800,8529236,24,0,0,1
#hash_2617059b13c64030,#loot_stream,6529236,800,9529236,30,100,100,2
#hash_25b7eeef7b28ddcb,#loot_stream,5662167,800,8662167,24,0,0,1
#hash_25b7eeef7b28ddcb,#loot_stream,6662167,800,9662167,30,100,100,2
#hash_30a394e0d90daf5d,#loot_stream,5579915,800,8579915,24,0,0,1
#hash_30a394e0d90daf5d,#loot_stream,6579915,800,9579915,30,100,100,2
#hash_2728bffa3ffd7d4,#loot_stream,5851463,800,8851463,24,0,0,1
#hash_2728bffa3ffd7d4,#loot_stream,6851463,800,9851463,30,100,100,2
#hash_e9d96c9f5e1bcb3,#loot_stream,5480745,800,8480745,24,0,0,1
#hash_e9d96c9f5e1bcb3,#loot_stream,6480745,800,9480745,30,100,100,2
#hash_38efe22ea7bdb148,#loot_stream,5061459,800,8061459,24,0,0,1
#hash_38efe22ea7bdb148,#loot_stream,6061459,800,9061459,30,100,100,2
#hash_6440ae550b2a0a4c,#hash_731315ef3fb1ae07,5615068,800,8615068,24,0,0,1
#hash_6440ae550b2a0a4c,#hash_731315ef3fb1ae07,6615068,800,9615068,30,100,100,2
#hash_346c91bd65f29b0d,#hash_731315ef3fb1ae07,5767293,800,8767293,24,0,0,1
#hash_346c91bd65f29b0d,#hash_731315ef3fb1ae07,6767293,800,9767293,30,100,100,2
#hash_3543bd6bcaa05186,#hash_731315ef3fb1ae07,5907577,800,8907577,24,0,0,1
#hash_3543bd6bcaa05186,#hash_731315ef3fb1ae07,6907577,800,9907577,30,100,100,2
#hash_66c3b5257a29c745,#hash_731315ef3fb1ae07,5052223,800,8052223,24,0,0,1
#hash_66c3b5257a29c745,#hash_731315ef3fb1ae07,6052223,800,9052223,30,100,100,2
#hash_5acc00527e9128db,#hash_731315ef3fb1ae07,5112930,800,8112930,24,0,0,1
#hash_5acc00527e9128db,#hash_731315ef3fb1ae07,6112930,800,9112930,30,100,100,2
#hash_42c10fd466a3c3d9,#hash_731315ef3fb1ae07,5634791,800,8634791,24,0,0,1
#hash_42c10fd466a3c3d9,#hash_731315ef3fb1ae07,6634791,800,9634791,30,100,100,2
#hash_20517325fd213d38,#hash_731315ef3fb1ae07,5483860,800,8483860,24,0,0,1
#hash_20517325fd213d38,#hash_731315ef3fb1ae07,6483860,800,9483860,30,100,100,2
#hash_7518b1b2e118df1a,#hash_731315ef3fb1ae07,5759412,800,8759412,24,0,0,1
#hash_7518b1b2e118df1a,#hash_731315ef3fb1ae07,6759412,800,9759412,30,100,100,2
#outfit_northern_lights_legendary2_crash,#hash_731315ef3fb1ae07,5101358,400,8101358,12,0,0,1
#outfit_northern_lights_legendary2_crash,#hash_731315ef3fb1ae07,6101358,400,9101358,15,25,50,2
#hash_153c0580cfd04546,#hash_731315ef3fb1ae07,5425050,800,8425050,24,0,0,1
#hash_153c0580cfd04546,#hash_731315ef3fb1ae07,6425050,800,9425050,30,100,100,2
#outfit_northern_lights_legendary3_firebreak,#hash_731315ef3fb1ae07,5240245,400,8240245,12,0,0,1
#outfit_northern_lights_legendary3_firebreak,#hash_731315ef3fb1ae07,6240245,400,9240245,15,25,50,2
#hash_5afce51cf100bd0b,#hash_731315ef3fb1ae07,5526356,800,8526356,24,0,0,1
#hash_5afce51cf100bd0b,#hash_731315ef3fb1ae07,6526356,800,9526356,30,100,100,2
#loot_contract_nomad_heist,#special_order,5365499,800,8365499,24,0,0,1
#loot_contract_nomad_heist,#special_order,6365499,800,9365499,30,100,100,2
#hash_6f09488b27e1d227,#hash_731315ef3fb1ae07,5881263,800,8881263,24,0,0,1
#hash_6f09488b27e1d227,#hash_731315ef3fb1ae07,6881263,800,9881263,30,100,100,2
#outfit_super_hero_epic1_ruin_bundle,#hash_731315ef3fb1ae07,5450980,1100,8450980,30,0,0,1
#outfit_super_hero_epic1_ruin_bundle,#hash_731315ef3fb1ae07,6450980,1100,9450980,36,100,100,2
#outfit_super_hero_epic1_seraph_bundle,#hash_731315ef3fb1ae07,5941861,800,8941861,24,0,0,1
#outfit_super_hero_epic1_seraph_bundle,#hash_731315ef3fb1ae07,6941861,800,9941861,30,100,100,2
#hash_7e932c9b5055cb9,#hash_731315ef3fb1ae07,5462761,800,8462761,24,0,0,1
#hash_7e932c9b5055cb9,#hash_731315ef3fb1ae07,6462761,800,9462761,30,100,100,2
#hash_2ad84f7635913844,#hash_731315ef3fb1ae07,5805412,800,8805412,24,0,0,1
#hash_2ad84f7635913844,#hash_731315ef3fb1ae07,6805412,800,9805412,30,100,100,2
#loot_contract_crash_cop,#special_order,5444031,800,8444031,24,0,0,1
#loot_contract_crash_cop,#special_order,6444031,800,9444031,30,100,100,2
#loot_contract_seraph_cop,#special_order,5913949,800,8913949,24,0,0,1
#loot_contract_seraph_cop,#special_order,6913949,800,9913949,30,100,100,2
#hash_4d24f4d6c40f944d,#hash_731315ef3fb1ae07,5781455,800,8781455,24,0,0,1
#hash_4d24f4d6c40f944d,#hash_731315ef3fb1ae07,6781455,800,9781455,30,100,100,2
#hash_54426c72702b1088,#hash_731315ef3fb1ae07,5169533,800,8169533,24,0,0,1
#hash_54426c72702b1088,#hash_731315ef3fb1ae07,6169533,800,9169533,30,100,100,2
#hash_3470c7fdec453f11,#hash_731315ef3fb1ae07,5072496,800,8072496,24,0,0,1
#hash_3470c7fdec453f11,#hash_731315ef3fb1ae07,6072496,800,9072496,30,100,100,2
#hash_28399c5e82e515e7,#loot_stream,5718447,400,8718447,12,0,0,1
#hash_28399c5e82e515e7,#loot_stream,6718447,400,9718447,15,25,50,2
#hash_5bea753e335ece82,#loot_stream,5634057,400,8634057,12,0,0,1
#hash_5bea753e335ece82,#loot_stream,6634057,400,9634057,15,25,50,2
#hash_5a14125378366e14,#loot_stream,5171374,400,8171374,12,0,0,1
#hash_5a14125378366e14,#loot_stream,6171374,400,9171374,15,25,50,2
#hash_51bac6df93e33e0,#loot_stream,5447182,400,8447182,12,0,0,1
#hash_51bac6df93e33e0,#loot_stream,6447182,400,9447182,15,25,50,2
#hash_2b9b429e4b855f84,#loot_stream,5480329,400,8480329,12,0,0,1
#hash_2b9b429e4b855f84,#loot_stream,6480329,400,9480329,15,25,50,2
#hash_27585d4f8216dbc5,#loot_stream,5482183,400,8482183,12,0,0,1
#hash_27585d4f8216dbc5,#loot_stream,6482183,400,9482183,15,25,50,2
#hash_4ece7e76c88562d8,#loot_stream,5795491,400,8795491,12,0,0,1
#hash_4ece7e76c88562d8,#loot_stream,6795491,400,9795491,15,25,50,2
#hash_4af16cee5049c3c3,#loot_stream,5451027,400,8451027,12,0,0,1
#hash_4af16cee5049c3c3,#loot_stream,6451027,400,9451027,15,25,50,2
#hash_7acbec8d176d9790,#loot_stream,5932802,400,8932802,12,0,0,1
#hash_7acbec8d176d9790,#loot_stream,6932802,400,9932802,15,25,50,2
#hash_34bc902d2d45c7b7,#loot_stream,5881501,400,8881501,12,0,0,1
#hash_34bc902d2d45c7b7,#loot_stream,6881501,400,9881501,15,25,50,2
#loot_contract_battery_snakeskin,#special_order,5273447,400,8273447,12,0,0,1
#loot_contract_battery_snakeskin,#special_order,6273447,400,9273447,15,25,50,2
#loot_contract_firebreak_snakeskin,#special_order,5825126,400,8825126,12,0,0,1
#loot_contract_firebreak_snakeskin,#special_order,6825126,400,9825126,15,25,50,2
#hash_5ac97157ea46d18a,#hash_731315ef3fb1ae07,5928279,400,8928279,12,0,0,1
#hash_5ac97157ea46d18a,#hash_731315ef3fb1ae07,6928279,400,9928279,15,25,50,2
#hash_5e14f163463d4257,#hash_731315ef3fb1ae07,5307520,400,8307520,12,0,0,1
#hash_5e14f163463d4257,#hash_731315ef3fb1ae07,6307520,400,9307520,15,25,50,2
#hash_59e77a439fd8c5a1,#hash_731315ef3fb1ae07,5803588,400,8803588,12,0,0,1
#hash_59e77a439fd8c5a1,#hash_731315ef3fb1ae07,6803588,400,9803588,15,25,50,2
#hash_199c67d0f63aed1e,#hash_731315ef3fb1ae07,5547381,400,8547381,12,0,0,1
#hash_199c67d0f63aed1e,#hash_731315ef3fb1ae07,6547381,400,9547381,15,25,50,2
#loot_contract_crash_snakeskin,#special_order,5515421,400,8515421,12,0,0,1
#loot_contract_crash_snakeskin,#special_order,6515421,400,9515421,15,25,50,2
#hash_646602feaf7b9977,#hash_731315ef3fb1ae07,5917416,400,8917416,12,0,0,1
#hash_646602feaf7b9977,#hash_731315ef3fb1ae07,6917416,400,9917416,15,25,50,2
#hash_6660cf955c4c87e6,#hash_731315ef3fb1ae07,5212159,400,8212159,12,0,0,1
#hash_6660cf955c4c87e6,#hash_731315ef3fb1ae07,6212159,400,9212159,15,25,50,2
#hash_73da8f24f34114c1,#hash_731315ef3fb1ae07,5338854,400,8338854,12,0,0,1
#hash_73da8f24f34114c1,#hash_731315ef3fb1ae07,6338854,400,9338854,15,25,50,2
#hash_164751138103cd0d,#hash_731315ef3fb1ae07,5917259,400,8917259,12,0,0,1
#hash_164751138103cd0d,#hash_731315ef3fb1ae07,6917259,400,9917259,15,25,50,2
#hash_6873290303ce2b27,#hash_731315ef3fb1ae07,5241057,400,8241057,12,0,0,1
#hash_6873290303ce2b27,#hash_731315ef3fb1ae07,6241057,400,9241057,15,25,50,2
#hash_24a0081f52c47fe6,#hash_731315ef3fb1ae07,5953235,400,8953235,12,0,0,1
#hash_24a0081f52c47fe6,#hash_731315ef3fb1ae07,6953235,400,9953235,15,25,50,2
#hash_7e0f4dffddd96698,#hash_731315ef3fb1ae07,5773934,400,8773934,12,0,0,1
#hash_7e0f4dffddd96698,#hash_731315ef3fb1ae07,6773934,400,9773934,15,25,50,2
#hash_2637c27a93c35393,#hash_731315ef3fb1ae07,5728121,400,8728121,12,0,0,1
#hash_2637c27a93c35393,#hash_731315ef3fb1ae07,6728121,400,9728121,15,25,50,2
#hash_3689c50907d20b30,#loot_stream,5352520,800,8352520,24,0,0,1
#hash_3689c50907d20b30,#loot_stream,6352520,800,9352520,30,100,100,2
#outrider_buccaneer_outfit_bundle,#hash_731315ef3fb1ae07,5559800,800,8559800,24,0,0,1
#outrider_buccaneer_outfit_bundle,#hash_731315ef3fb1ae07,6559800,800,9559800,30,100,100,2
#prophet_skipper_outfit_bundle,#hash_731315ef3fb1ae07,5728119,800,8728119,24,0,0,1
#prophet_skipper_outfit_bundle,#hash_731315ef3fb1ae07,6728119,800,9728119,30,100,100,2
#hash_2f05435d7194e441,#loot_stream,5498403,800,8498403,24,0,0,1
#hash_2f05435d7194e441,#loot_stream,6498403,800,9498403,30,100,100,2
#hash_4dfa42479077d83d,#loot_stream,5670012,800,8670012,24,0,0,1
#hash_4dfa42479077d83d,#loot_stream,6670012,800,9670012,30,100,100,2
#hash_3490ded0d4013319,#loot_stream,5968883,800,8968883,24,0,0,1
#hash_3490ded0d4013319,#loot_stream,6968883,800,9968883,30,100,100,2
#hash_42a888c0359d617d,#loot_stream,5072360,800,8072360,24,0,0,1
#hash_42a888c0359d617d,#loot_stream,6072360,800,9072360,30,100,100,2
#hash_780dd7cb23c1051f,#loot_stream,5641223,400,8641223,12,0,0,1
#hash_780dd7cb23c1051f,#loot_stream,6641223,400,9641223,15,25,50,2
#hash_63ad6d9b77ca1ce0,#loot_stream,5764385,400,8764385,12,0,0,1
#hash_63ad6d9b77ca1ce0,#loot_stream,6764385,400,9764385,15,25,50,2
#hash_2c7c57bd1e6157d5,#loot_stream,5187124,400,8187124,12,0,0,1
#hash_2c7c57bd1e6157d5,#loot_stream,6187124,400,9187124,15,25,50,2
#hash_4832a8d5c60468fd,#loot_stream,5940942,400,8940942,12,0,0,1
#hash_4832a8d5c60468fd,#loot_stream,6940942,400,9940942,15,25,50,2
#hash_58bd2f6218f598a,#loot_stream,5854109,400,8854109,12,0,0,1
#hash_58bd2f6218f598a,#loot_stream,6854109,400,9854109,15,25,50,2
#hash_486336e76d152630,#loot_stream,5918887,400,8918887,12,0,0,1
#hash_486336e76d152630,#loot_stream,6918887,400,9918887,15,25,50,2
#hash_84d8bfdb82b4817,#hash_731315ef3fb1ae07,5300700,400,8300700,12,0,0,1
#hash_84d8bfdb82b4817,#hash_731315ef3fb1ae07,6300700,400,9300700,15,25,50,2
#hash_20662201ff1176b2,#hash_731315ef3fb1ae07,5729869,400,8729869,12,0,0,1
#hash_20662201ff1176b2,#hash_731315ef3fb1ae07,6729869,400,9729869,15,25,50,2
#hash_367ab528e51f4384,#hash_731315ef3fb1ae07,5792727,400,8792727,12,0,0,1
#hash_367ab528e51f4384,#hash_731315ef3fb1ae07,6792727,400,9792727,15,25,50,2
#hash_77b56714629edc50,#hash_731315ef3fb1ae07,5366396,400,8366396,12,0,0,1
#hash_77b56714629edc50,#hash_731315ef3fb1ae07,6366396,400,9366396,15,25,50,2
#hash_5b26468ef2e98b4,#hash_731315ef3fb1ae07,5911418,400,8911418,12,0,0,1
#hash_5b26468ef2e98b4,#hash_731315ef3fb1ae07,6911418,400,9911418,15,25,50,2
#hash_3d522fd3d8cee3b5,#hash_731315ef3fb1ae07,5295999,400,8295999,12,0,0,1
#hash_3d522fd3d8cee3b5,#hash_731315ef3fb1ae07,6295999,400,9295999,15,25,50,2
#hash_3d6d47a6a38b7968,#hash_731315ef3fb1ae07,5218002,400,8218002,12,0,0,1
#hash_3d6d47a6a38b7968,#hash_731315ef3fb1ae07,6218002,400,9218002,15,25,50,2
#hash_6c6c1d9dd42aae13,#hash_731315ef3fb1ae07,5294420,400,8294420,12,0,0,1
#hash_6c6c1d9dd42aae13,#hash_731315ef3fb1ae07,6294420,400,9294420,15,25,50,2
#hash_73efef6cf46ec080,#hash_731315ef3fb1ae07,5354997,400,8354997,12,0,0,1
#hash_73efef6cf46ec080,#hash_731315ef3fb1ae07,6354997,400,9354997,15,25,50,2
#hash_4152b311548cfc07,#hash_731315ef3fb1ae07,5734196,400,8734196,12,0,0,1
#hash_4152b311548cfc07,#hash_731315ef3fb1ae07,6734196,400,9734196,15,25,50,2
#hash_577cc0a7ba1cae7d,#loot_stream,5660605,400,8660605,12,0,0,1
#hash_577cc0a7ba1cae7d,#loot_stream,6660605,400,9660605,15,25,50,2
#hash_4338e3b8c553574,#loot_stream,5739708,400,8739708,12,0,0,1
#hash_4338e3b8c553574,#loot_stream,6739708,400,9739708,15,25,50,2
#hash_78e58f7def0c3680,#loot_stream,5749009,400,8749009,12,0,0,1
#hash_78e58f7def0c3680,#loot_stream,6749009,400,9749009,15,25,50,2
#hash_2ec2b6933a2856f3,#loot_stream,5167048,400,8167048,12,0,0,1
#hash_2ec2b6933a2856f3,#loot_stream,6167048,400,9167048,15,25,50,2
#hash_6c46ccf98aa0a834,#loot_stream,5500952,400,8500952,12,0,0,1
#hash_6c46ccf98aa0a834,#loot_stream,6500952,400,9500952,15,25,50,2
#hash_15c1d80b66a39faa,#loot_stream,5906423,400,8906423,12,0,0,1
#hash_15c1d80b66a39faa,#loot_stream,6906423,400,9906423,15,25,50,2
#hash_1734ee9c8bd0b89,#hash_731315ef3fb1ae07,5397445,400,8397445,12,0,0,1
#hash_1734ee9c8bd0b89,#hash_731315ef3fb1ae07,6397445,400,9397445,15,25,50,2
#hash_7055bae3202a3e96,#hash_731315ef3fb1ae07,5899546,400,8899546,12,0,0,1
#hash_7055bae3202a3e96,#hash_731315ef3fb1ae07,6899546,400,9899546,15,25,50,2
#hash_21f99ca1765c7ec7,#loot_stream,5629813,400,8629813,12,0,0,1
#hash_21f99ca1765c7ec7,#loot_stream,6629813,400,9629813,15,25,50,2
#hash_2b06282248057ea6,#loot_stream,5523410,400,8523410,12,0,0,1
#hash_2b06282248057ea6,#loot_stream,6523410,400,9523410,15,25,50,2
#hash_66b5134cfd603ecb,#loot_stream,5530129,400,8530129,12,0,0,1
#hash_66b5134cfd603ecb,#loot_stream,6530129,400,9530129,15,25,50,2
#hash_179f84bcadefba24,#loot_stream,5162779,400,8162779,12,0,0,1
#hash_179f84bcadefba24,#loot_stream,6162779,400,9162779,15,25,50,2
#hash_8bf3776b1ddf293,#loot_stream,5422260,400,8422260,12,0,0,1
#hash_8bf3776b1ddf293,#loot_stream,6422260,400,9422260,15,25,50,2
#hash_6909dec955007487,#hash_731315ef3fb1ae07,5331058,400,8331058,12,0,0,1
#hash_6909dec955007487,#hash_731315ef3fb1ae07,6331058,400,9331058,15,25,50,2
#hash_15f7ba4b0e3e5c95,#hash_731315ef3fb1ae07,5574879,400,8574879,12,0,0,1
#hash_15f7ba4b0e3e5c95,#hash_731315ef3fb1ae07,6574879,400,9574879,15,25,50,2
#torque_smokedup_outfit_bundle,#hash_731315ef3fb1ae07,5329178,400,8329178,12,0,0,1
#torque_smokedup_outfit_bundle,#hash_731315ef3fb1ae07,6329178,400,9329178,15,25,50,2
#hash_7ff739d9c6f9117c,#loot_stream,5857170,200,8857170,6,50,100,1
#hash_7ff739d9c6f9117c,#loot_stream,6857170,200,9857170,4,0,0,2
#hash_65815b783d0886ff,#loot_stream,5460340,200,8460340,6,50,100,1
#hash_65815b783d0886ff,#loot_stream,6460340,200,9460340,4,0,0,2
#outfit_global_warpaint_bundle_flaming_skull,#hash_731315ef3fb1ae07,5255038,200,8255038,6,50,100,1
#outfit_global_warpaint_bundle_flaming_skull,#hash_731315ef3fb1ae07,6255038,200,9255038,4,0,0,2
#outfit_global_warpaint_bundle_jester,#hash_731315ef3fb1ae07,5742697,200,8742697,6,50,100,1
#outfit_global_warpaint_bundle_jester,#hash_731315ef3fb1ae07,6742697,200,9742697,4,0,0,2
#outfit_global_warpaint_bundle_spades,#hash_731315ef3fb1ae07,5110605,200,8110605,6,50,100,1
#outfit_global_warpaint_bundle_spades,#hash_731315ef3fb1ae07,6110605,200,9110605,4,0,0,2
#hash_6900cd4e3ff29a2b,#loot_stream,5884229,200,8884229,6,50,100,1
#hash_6900cd4e3ff29a2b,#loot_stream,6884229,200,9884229,4,0,0,2
#hash_74dc4960f373fe79,#loot_stream,5406755,200,8406755,6,50,100,1
#hash_74dc4960f373fe79,#loot_stream,6406755,200,9406755,4,0,0,2
#hash_777e360ea6d2e66,#loot_stream,5551500,200,8551500,6,50,100,1
#hash_777e360ea6d2e66,#loot_stream,6551500,200,9551500,4,0,0,2
#hash_5451a4692ca6cf34,#loot_stream,5125461,200,8125461,6,50,100,1
#hash_5451a4692ca6cf34,#loot_stream,6125461,200,9125461,4,0,0,2
#hash_276417fc196039d8,#loot_stream,5833869,200,8833869,6,50,100,1
#hash_276417fc196039d8,#loot_stream,6833869,200,9833869,4,0,0,2
#hash_5846dbef22384970,#loot_stream,5555795,200,8555795,6,50,100,1
#hash_5846dbef22384970,#loot_stream,6555795,200,9555795,4,0,0,2
#outfit_global_warpaint_bundle_fern,#hash_731315ef3fb1ae07,5646001,200,8646001,6,50,100,1
#outfit_global_warpaint_bundle_fern,#hash_731315ef3fb1ae07,6646001,200,9646001,4,0,0,2
#hash_5470956c22520c79,#loot_stream,5111516,200,8111516,6,50,100,1
#hash_5470956c22520c79,#loot_stream,6111516,200,9111516,4,0,0,2
#hash_7f4e613c3f337694,#loot_stream,5115799,200,8115799,6,50,100,1
#hash_7f4e613c3f337694,#loot_stream,6115799,200,9115799,4,0,0,2
#hash_7b09eb4236f04a4b,#loot_stream,5225456,200,8225456,6,50,100,1
#hash_7b09eb4236f04a4b,#loot_stream,6225456,200,9225456,4,0,0,2
#hash_1055f95b978b2089,#loot_stream,5408197,200,8408197,6,50,100,1
#hash_1055f95b978b2089,#loot_stream,6408197,200,9408197,4,0,0,2
#hash_25d0a16dee01a38d,#loot_stream,5029481,200,8029481,6,50,100,1
#hash_25d0a16dee01a38d,#loot_stream,6029481,200,9029481,4,0,0,2
#hash_1dfad3db3b7697a8,#loot_stream,5342317,200,8342317,6,50,100,1
#hash_1dfad3db3b7697a8,#loot_stream,6342317,200,9342317,4,0,0,2
#camo_active_dlc1_dogfight_wrapper,#loot_stream,5493230,500,8493230,15,0,0,1
#camo_active_dlc1_dogfight_wrapper,#loot_stream,6493230,500,9493230,20,100,250,2
#camo_active_dlc1_plasma_drive_wrapper,#loot_stream,5395734,500,8395734,20,0,0,1
#camo_active_dlc1_plasma_drive_wrapper,#loot_stream,6395734,500,9395734,25,100,250,2
#camo_active_dlc2_apb_wrapper,#loot_stream,5816847,500,8816847,15,0,0,1
#camo_active_dlc2_apb_wrapper,#loot_stream,6816847,500,9816847,20,100,250,2
#camo_active_dlc2_retro_vegas_neon_wrapper,#loot_stream,5270173,500,8270173,20,0,0,1
#camo_active_dlc2_retro_vegas_neon_wrapper,#loot_stream,6270173,500,9270173,25,100,250,2
#camo_active_dlc2_zombie_flick_wrapper,#hash_731315ef3fb1ae07,5204436,500,8204436,20,0,0,1
#camo_active_dlc2_zombie_flick_wrapper,#hash_731315ef3fb1ae07,6204436,500,9204436,25,100,250,2
#camo_active_dlc3_celestial_wrapper,#hash_731315ef3fb1ae07,5570367,500,8570367,20,0,0,1
#camo_active_dlc3_celestial_wrapper,#hash_731315ef3fb1ae07,6570367,500,9570367,25,100,250,2
#camo_active_dlc4_115_wrapper,#hash_731315ef3fb1ae07,5678633,500,8678633,20,0,0,1
#camo_active_dlc4_115_wrapper,#hash_731315ef3fb1ae07,6678633,500,9678633,25,100,250,2
#camo_active_dlc4_brains_wrapper,#hash_731315ef3fb1ae07,5189004,500,8189004,20,0,0,1
#camo_active_dlc4_brains_wrapper,#hash_731315ef3fb1ae07,6189004,500,9189004,25,100,250,2
#camo_active_dlc4_spinal_wrapper,#loot_stream,5323266,500,8323266,20,0,0,1
#camo_active_dlc4_spinal_wrapper,#loot_stream,6323266,500,9323266,25,100,250,2
#camo_active_dlc5_phased_wrapper,#hash_731315ef3fb1ae07,5741568,500,8741568,20,0,0,1
#camo_active_dlc5_phased_wrapper,#hash_731315ef3fb1ae07,6741568,500,9741568,25,100,250,2
#camo_active_dlc5_shattered_wrapper,#hash_731315ef3fb1ae07,5621079,500,8621079,20,0,0,1
#camo_active_dlc5_shattered_wrapper,#hash_731315ef3fb1ae07,6621079,500,9621079,25,100,250,2
#loot_contract_zero_cyberpunk,#special_order,5404466,500,8404466,20,0,0,1
#loot_contract_zero_cyberpunk,#special_order,6404466,500,9404466,25,100,250,2
#loot_contract_party_rock,#special_order,5958831,500,8958831,20,0,0,1
#loot_contract_party_rock,#special_order,6958831,500,9958831,25,100,250,2
#treasure_vault_reactive_camo_bundle,#hash_731315ef3fb1ae07,5072486,500,8072486,15,0,0,1
#treasure_vault_reactive_camo_bundle,#hash_731315ef3fb1ae07,6072486,500,9072486,20,100,250,2
#camo_dlc1_circuitboard,#loot_stream,5103546,300,8103546,12,0,0,1
#camo_dlc1_circuitboard,#loot_stream,6103546,300,9103546,15,100,250,2
#camo_dlc1_shimmer,#loot_stream,5231929,300,8231929,12,0,0,1
#camo_dlc1_shimmer,#loot_stream,6231929,300,9231929,15,100,250,2
#camo_dlc2_benjamins,#hash_731315ef3fb1ae07,5214120,300,8214120,12,0,0,1
#camo_dlc2_benjamins,#hash_731315ef3fb1ae07,6214120,300,9214120,15,100,250,2
#camo_dlc2_donuts,#hash_731315ef3fb1ae07,5832757,300,8832757,12,0,0,1
#camo_dlc2_donuts,#hash_731315ef3fb1ae07,6832757,300,9832757,15,100,250,2
#camo_dlc2_smooch,#hash_731315ef3fb1ae07,5379497,300,8379497,12,0,0,1
#camo_dlc2_smooch,#hash_731315ef3fb1ae07,6379497,300,9379497,15,100,250,2
#camo_dlc3_armor,#hash_731315ef3fb1ae07,5672733,300,8672733,12,0,0,1
#camo_dlc3_armor,#hash_731315ef3fb1ae07,6672733,300,9672733,15,100,250,2
#camo_dlc5_jellymaw,#hash_731315ef3fb1ae07,5107339,300,8107339,12,0,0,1
#camo_dlc5_jellymaw,#hash_731315ef3fb1ae07,6107339,300,9107339,15,100,250,2
#weaponcamo_cherryblossom_bundle,#hash_731315ef3fb1ae07,5275566,300,8275566,12,0,0,1
#weaponcamo_cherryblossom_bundle,#hash_731315ef3fb1ae07,6275566,300,9275566,15,100,250,2
#camo_dlc2_full_suite,#loot_stream,5484103,300,8484103,12,0,0,1
#camo_dlc2_full_suite,#loot_stream,6484103,300,9484103,15,100,250,2
#bacon_weapon_camo_bundle,#hash_731315ef3fb1ae07,5193356,300,8193356,12,0,0,1
#bacon_weapon_camo_bundle,#hash_731315ef3fb1ae07,6193356,300,9193356,15,100,250,2
#loot_contract_afterglow,#special_order,5858608,500,8858608,17,0,0,1
#loot_contract_afterglow,#special_order,6858608,500,9858608,20,100,250,2
#camo_dlc4_picnic_royale_bundle,#hash_731315ef3fb1ae07,5366698,400,8366698,12,0,0,1
#camo_dlc4_picnic_royale_bundle,#hash_731315ef3fb1ae07,6366698,400,9366698,15,100,250,2
#camo_dlc4_zombie_maitai_bundle,#hash_731315ef3fb1ae07,5702481,400,8702481,12,0,0,1
#camo_dlc4_zombie_maitai_bundle,#hash_731315ef3fb1ae07,6702481,400,9702481,15,100,250,2
#weaponcamo_rocketbox_bundle,#hash_731315ef3fb1ae07,5871569,300,8871569,12,0,0,1
#weaponcamo_rocketbox_bundle,#hash_731315ef3fb1ae07,6871569,300,9871569,15,100,250,2
#charm_cartoon_bomb,#loot_stream,5278955,300,8278955,6,100,300,1
#charm_cartoon_bomb,#loot_stream,6278955,300,9278955,3,0,0,2
#charm_crab,#loot_stream,5280913,300,8280913,6,100,300,1
#charm_crab,#loot_stream,6280913,300,9280913,3,0,0,2
#charm_salty_shaker,#loot_stream,5094909,300,8094909,6,100,300,1
#charm_salty_shaker,#loot_stream,6094909,300,9094909,3,0,0,2
#hash_652641dab6cbb097,#hash_731315ef3fb1ae07,5429354,300,8429354,6,100,300,1
#hash_652641dab6cbb097,#hash_731315ef3fb1ae07,6429354,300,9429354,3,0,0,2
#hash_3075688a5007f00,#hash_731315ef3fb1ae07,5373109,300,8373109,6,100,300,1
#hash_3075688a5007f00,#hash_731315ef3fb1ae07,6373109,300,9373109,3,0,0,2
#charm_ice_cream,#hash_731315ef3fb1ae07,5942728,300,8942728,6,100,300,1
#charm_ice_cream,#hash_731315ef3fb1ae07,6942728,300,9942728,3,0,0,2