type,name
physconstraints,d#hash_15def651e1a9668f
physconstraints,d#hash_4d46a2564e8dcbbc
physconstraints,d#hash_65810e8e6f675e87
physconstraints,#hash_67f35bbfe82c8a20
physconstraints,d#hash_71161886efac93b3
physconstraints,#hash_7876d08d71ebbe09
physconstraints,#hash_78c95e399bbf9b92
xmodelmesh,d#hash_86d29ec80818ac
xmodelmesh,d#hash_898755dac6827b
xmodelmesh,d#hash_9796678953f76b
xmodelmesh,d#hash_f8c49a377ccab6
xmodelmesh,#hash_12e4d18cf2fb540
xmodelmesh,d#hash_1dfd2647bb12ee1
xmodelmesh,#hash_26cbb274af369d7
xmodelmesh,#hash_284ca84d7112d1f
xmodelmesh,#hash_291ed3a85278873
xmodelmesh,d#hash_2d625a259b64f89
xmodelmesh,#hash_3fbe182446f3e12
xmodelmesh,#hash_477221c5dc3e90b
xmodelmesh,#hash_5b5b6844d3b39a9
xmodelmesh,#hash_6042ef191eccfdd
xmodelmesh,#hash_65d3490b7b35da0
xmodelmesh,#hash_6bff21ea2992ee6
xmodelmesh,#hash_6d49fe1965344a3
xmodelmesh,#hash_7007699186d8699
xmodelmesh,#hash_70f9665b6ec893f
xmodelmesh,#hash_721d50b6108fbf7
xmodelmesh,#hash_7390e06271cf38b
xmodelmesh,#hash_742a462421c7baa
xmodelmesh,#hash_79b4a9da97fd3e2
xmodelmesh,#hash_846d7c7fa853923
xmodelmesh,#hash_87a7058f05903d4
xmodelmesh,#hash_8cb0a8460d1cad2
xmodelmesh,#hash_9fcdf5a723b44fc
xmodelmesh,#hash_a151e45f4d7a5b0
xmodelmesh,#hash_a17e32d1b621251
xmodelmesh,#hash_a1906a29523f805
xmodelmesh,#hash_a6e5d0c52f4c70a
xmodelmesh,d#hash_a733c781a643720
xmodelmesh,#hash_a7c5f62efb29c3f
xmodelmesh,d#hash_b613b3ede492099
xmodelmesh,#hash_bc2f41ac90641e7
xmodelmesh,#hash_bed34567ee52594
xmodelmesh,#hash_bfda427b2bb50de
xmodelmesh,#hash_c10f630f565e22f
xmodelmesh,#hash_c664b54a3051db8
xmodelmesh,#hash_c697c0632ddec01
xmodelmesh,#hash_dede15ed2d1db62
xmodelmesh,#hash_faaf88a35a3463e
xmodelmesh,#hash_fcf225904d6c424
xmodelmesh,#hash_110924555b3cc811
xmodelmesh,#hash_1211455b0ddf0847
xmodelmesh,#hash_1245979343f1adce
xmodelmesh,d#hash_12c12d5af3b9b431
xmodelmesh,d#hash_13043e0c62873237
xmodelmesh,#hash_138207fa377c639d
xmodelmesh,d#hash_13bf36ab9fa1df8d
xmodelmesh,#hash_13c5a6b9fc1d919f
xmodelmesh,d#hash_13f4ac9145531e66
xmodelmesh,#hash_140cbc35b19436e3
xmodelmesh,#hash_1459a18f6a351733
xmodelmesh,d#hash_14a45ecff4e96741
xmodelmesh,#hash_14eb90fc65b2934d
xmodelmesh,#hash_1519c70b3f2ab5fd
xmodelmesh,d#hash_16cad34a186d3391
xmodelmesh,d#hash_16d8c0e92de98ae0
xmodelmesh,d#hash_16fa9b8f407d3673
xmodelmesh,d#hash_1778fdded4417089
xmodelmesh,#hash_182c5f7750d31a2a
xmodelmesh,#hash_18b0fcc499249479
xmodelmesh,#hash_1929a697a55e5b1b
xmodelmesh,#hash_196d8b182dc52ff4
xmodelmesh,d#hash_1b23a325d2f7d0b3
xmodelmesh,d#hash_1b94078e7e5ca50a
xmodelmesh,#hash_1c28226700272456
xmodelmesh,d#hash_1c3ff53156e5f782
xmodelmesh,#hash_1c708365f551a4ac
xmodelmesh,#hash_1d0e3e3938c809cd
xmodelmesh,#hash_1d3c6d1f89e07eaf
xmodelmesh,#hash_1e28ebeaf9b23ac1
xmodelmesh,#hash_1e4a49ba5f885ee0
xmodelmesh,#hash_1e4aeb2053e9ef4f
xmodelmesh,d#hash_1eacaf5f6eae7a00
xmodelmesh,d#hash_1eb5cf3bd9c82110
xmodelmesh,#hash_1f751a4e1665188d
xmodelmesh,#hash_1ffc09fc5cd48b91
xmodelmesh,#hash_208e6477b89c6b64
xmodelmesh,d#hash_2096e535263a233c
xmodelmesh,#hash_20a1f0e0bf2d2de5
xmodelmesh,#hash_20d3bc2de9b14a76
xmodelmesh,d#hash_212698f550a07699
xmodelmesh,#hash_2160b7060c1c8b1d
xmodelmesh,#hash_219e758bb7e722f9
xmodelmesh,#hash_21cd22b57baae1a8
xmodelmesh,d#hash_2223ef128d04ad1a
xmodelmesh,#hash_226fea793d609fdd
xmodelmesh,#hash_232be71c2f6f5711
xmodelmesh,#hash_2348c12f48d924f1
xmodelmesh,d#hash_23aeaf86f2078bf4
xmodelmesh,d#hash_23c932bb715e4367
xmodelmesh,#hash_24884eff64cc5add
xmodelmesh,#hash_24e4df69924a6ef7
xmodelmesh,#hash_24f9b4e5edbd5882
xmodelmesh,#hash_2533fbfcc8db744b
xmodelmesh,d#hash_257bf5f955732fd9
xmodelmesh,#hash_25843c718a7ceacb
xmodelmesh,#hash_2594aab2f8afd9c1
xmodelmesh,d#hash_260215877ca186a8
xmodelmesh,#hash_26b1940d1e763317
xmodelmesh,#hash_26db620c74e64dfa
xmodelmesh,#hash_26e4aba4dbd7f50c
xmodelmesh,#hash_26f2d330b289d696
xmodelmesh,#hash_277cb44a85a8ef1b
xmodelmesh,d#hash_277cefd5122dc7a5
xmodelmesh,#hash_2824f7e7e8184095
xmodelmesh,#hash_2829b6c8b6e0a0fe
xmodelmesh,#hash_2876cb02068269a3
xmodelmesh,#hash_29a442260c7cd7b9
xmodelmesh,d#hash_2a333a5c08ad4817
xmodelmesh,#hash_2a80423823389b80
xmodelmesh,#hash_2a8fddb35de7cce9
xmodelmesh,#hash_2ba519a884add007
xmodelmesh,d#hash_2baa5344d1385724
xmodelmesh,#hash_2c214ada06aeafb0
xmodelmesh,#hash_2cf24c1735a04e5b
xmodelmesh,#hash_2d51fcf9c842c103
xmodelmesh,#hash_2d9767c7a8322e1a
xmodelmesh,d#hash_2dd7f8c4aec87c60
xmodelmesh,#hash_2f47e865d9be5664
xmodelmesh,d#hash_2fb5854266987e97
xmodelmesh,#hash_2fcde14ca4a9f5a3
xmodelmesh,#hash_30196f90b8a6631a
xmodelmesh,#hash_309739abd44bda35
xmodelmesh,#hash_30a9dd61300b5f07
xmodelmesh,#hash_30f5ec44a0d8ac65
xmodelmesh,#hash_31c2fdcdefc85549
xmodelmesh,#hash_31d07bbde54d7c38
xmodelmesh,#hash_31d5fa037524a681
xmodelmesh,#hash_31d89c49ea31ca5b
xmodelmesh,#hash_3237fd74a07cc0a9
xmodelmesh,#hash_325b8b7e95f4a545
xmodelmesh,#hash_32b44cd3b571c081
xmodelmesh,#hash_32c1c0e16723ddb4
xmodelmesh,#hash_32e484fc807fd17f
xmodelmesh,#hash_32ed7b335d142833
xmodelmesh,#hash_3385bc33db2ebcbe
xmodelmesh,#hash_34645c542d544958
xmodelmesh,#hash_34e327abd0de9889
xmodelmesh,#hash_354dfda0181bfb52
xmodelmesh,d#hash_35671968de9bc4f8
xmodelmesh,#hash_356f466eee5a5da9
xmodelmesh,#hash_35b22bf6f94e993c
xmodelmesh,d#hash_364cab75e2645e4c
xmodelmesh,d#hash_36529fc80104a4cb
xmodelmesh,#hash_367c574203d2bf05
xmodelmesh,d#hash_36b85eeffaa48b11
xmodelmesh,#hash_36ef87bfb25d6751
xmodelmesh,#hash_3721596c0a336463
xmodelmesh,#hash_379137f50b7c1207
xmodelmesh,d#hash_37d05b32205355fb
xmodelmesh,d#hash_39237a6c50d737a8
xmodelmesh,d#hash_3949e256f289723a
xmodelmesh,d#hash_397f72404e1f4b59
xmodelmesh,#hash_39ce53a0e3425369
xmodelmesh,d#hash_3a4b32d6a6944fc4
xmodelmesh,d#hash_3a5407a21fee9643
xmodelmesh,#hash_3b1243438d89d64c
xmodelmesh,d#hash_3b1b5a5cf628821f
xmodelmesh,#hash_3b1f4b429bb0d607
xmodelmesh,#hash_3b7914ca3f52ce9f
xmodelmesh,#hash_3bc415f638427a80
xmodelmesh,#hash_3bcfff502a46435f
xmodelmesh,#hash_3bd371be4f875353
xmodelmesh,#hash_3be9e062407b09d9
xmodelmesh,#hash_3c28e140707033a6
xmodelmesh,d#hash_3d0e6dd55d6ecec2
xmodelmesh,d#hash_3d5cf0f63572eed1
xmodelmesh,#hash_3dfb46d39d7838bc
xmodelmesh,d#hash_3e7af8ff441c530a
xmodelmesh,#hash_3e91ab46249e7538
xmodelmesh,d#hash_3f69176e6349ecb1
xmodelmesh,#hash_4080d66b560e1c57
xmodelmesh,#hash_4088accae9b7cd0c
xmodelmesh,#hash_408c4049cf1db476
xmodelmesh,d#hash_40ed90a6b110571e
xmodelmesh,#hash_411d21e34460957a
xmodelmesh,d#hash_4139473a90d5d669
xmodelmesh,#hash_41d7e3d62d45906c
xmodelmesh,d#hash_4246d01a8a21335d
xmodelmesh,#hash_424870ce1b7ac6e1
xmodelmesh,d#hash_42c24f9f56006ebd
xmodelmesh,#hash_42e49d844f21233b
xmodelmesh,d#hash_431de171381b6fb2
xmodelmesh,#hash_432662c6612708f2
xmodelmesh,#hash_439940932b0a68bf
xmodelmesh,d#hash_43ce1a60852f6874
xmodelmesh,d#hash_45338fc7dbeeb62d
xmodelmesh,d#hash_462825b08e011faa
xmodelmesh,d#hash_46316fe5a6189cab
xmodelmesh,#hash_4695f16815b46334
xmodelmesh,#hash_484e8fe3e2a7d1a1
xmodelmesh,#hash_48b3dadf941d19ec
xmodelmesh,#hash_49bba080ffebe843
xmodelmesh,d#hash_49f231940bce9a76
xmodelmesh,#hash_4a4eeb50c47310f2
xmodelmesh,d#hash_4a4fd97d0dcf2eec
xmodelmesh,#hash_4afa034f3cff6b78
xmodelmesh,d#hash_4b06169353787f1e
xmodelmesh,#hash_4b538461962c8792
xmodelmesh,#hash_4b6843c8655a67b1
xmodelmesh,#hash_4b7de30d4a1d908f
xmodelmesh,#hash_4baf2dcd6db48fda
xmodelmesh,#hash_4bb430b9255c5a68
xmodelmesh,#hash_4bc34f01f5777800
xmodelmesh,d#hash_4c7a2330103cae88
xmodelmesh,#hash_4c99e0e1ed9428dd
xmodelmesh,#hash_4dd378ca0b380ccf
xmodelmesh,#hash_4e3e3f26e362126b
xmodelmesh,#hash_4e3fe5f279b90ea1
xmodelmesh,d#hash_4e966783b5bde765
xmodelmesh,#hash_4ec0d2e926ae2efb
xmodelmesh,#hash_4f0a8f1f03b5cb2d
xmodelmesh,#hash_4f4b77638c37a60c
xmodelmesh,#hash_518b56985a553694
xmodelmesh,#hash_51e0235931ed8928
xmodelmesh,#hash_51e76b5a003c940c
xmodelmesh,#hash_5242f9c2d44d5689
xmodelmesh,#hash_52ab430427d5ba50
xmodelmesh,#hash_52b4c117191cb7bb
xmodelmesh,#hash_5334dbc8b3b43dca
xmodelmesh,#hash_53355067da35ed44
xmodelmesh,#hash_5342f3e462d74c40
xmodelmesh,#hash_53566114fb2ea1e6
xmodelmesh,#hash_53c8e73fab574b30
xmodelmesh,#hash_53ee263a8355d788
xmodelmesh,d#hash_53f246cdfabbd27c
xmodelmesh,#hash_5431ad11e2099c09
xmodelmesh,#hash_5455afe9370a301c
xmodelmesh,d#hash_5476b491a095a25a
xmodelmesh,#hash_552df29298875e52
xmodelmesh,#hash_55685790c543832f
xmodelmesh,#hash_557ff291a9a190be
xmodelmesh,#hash_567924867616bd43
xmodelmesh,#hash_56acc4932f7121be
xmodelmesh,#hash_5743eb8ced72c586
xmodelmesh,#hash_579ee75fd3a9bd30
xmodelmesh,d#hash_583f293032ebddca
xmodelmesh,#hash_583f3f1c32dd224d
xmodelmesh,#hash_589be08b181f23e2
xmodelmesh,#hash_58e139736a7c5c72
xmodelmesh,#hash_595bad0622b6073d
xmodelmesh,#hash_5a05438dbeec5de8
xmodelmesh,d#hash_5a5e39ec0690846c
xmodelmesh,#hash_5a8ca612338fc910
xmodelmesh,d#hash_5adb36b6a84f25a0
xmodelmesh,#hash_5b16347270739ce0
xmodelmesh,#hash_5b5f412930fb23b5
xmodelmesh,#hash_5c5d0dce21232ee2
xmodelmesh,#hash_5cc86a50346cf03a
xmodelmesh,#hash_5d66133c63ee9544
xmodelmesh,#hash_5e1bacd1a140d419
xmodelmesh,#hash_5ea1dcfbe7546158
xmodelmesh,d#hash_5ee60a3946847449
xmodelmesh,#hash_5ee6118d9dad0707
xmodelmesh,#hash_602665db34ce0598
xmodelmesh,#hash_60267ecdf7917144
xmodelmesh,#hash_60de9167fb2eedf4
xmodelmesh,#hash_6134633178e12546
xmodelmesh,#hash_61c1678828f17821
xmodelmesh,#hash_623a57724b432b15
xmodelmesh,d#hash_62da109f5137fa8a
xmodelmesh,#hash_636e283ce0dcac98
xmodelmesh,#hash_6371f03e01388351
xmodelmesh,#hash_64be05c3fb5491c4
xmodelmesh,#hash_64c4c12b5aab58f5
xmodelmesh,d#hash_651e15567ea73e2c
xmodelmesh,d#hash_6554abc95e7b3efb
xmodelmesh,d#hash_6595bb077540f928
xmodelmesh,#hash_665b75f995f388e1
xmodelmesh,d#hash_66f94a9bda9ee5aa
xmodelmesh,#hash_67a7a07d504ae737
xmodelmesh,#hash_682daeb53970dca3
xmodelmesh,d#hash_6887c86223f2519e
xmodelmesh,#hash_68af794b659870f0
xmodelmesh,d#hash_68dc8606097aa568
xmodelmesh,#hash_68fa5e3e07d66a43
xmodelmesh,d#hash_691f5beadbac25c6
xmodelmesh,#hash_6934e83e79fc087f
xmodelmesh,d#hash_695658071ed9dbb5
xmodelmesh,d#hash_698d5e9c0950b1a9
xmodelmesh,#hash_69bba2537101b0ca
xmodelmesh,#hash_6a8435c035af6a39
xmodelmesh,#hash_6aa410a8977d25f1
xmodelmesh,#hash_6ab59321b3f3d497
xmodelmesh,d#hash_6ad28a10004121bc
xmodelmesh,#hash_6b12b95955ee8964
xmodelmesh,#hash_6b27824a9747317e
xmodelmesh,#hash_6b31c0f574ea6fab
xmodelmesh,#hash_6bbae550593b967c
xmodelmesh,d#hash_6bf5909a0aa7e22e
xmodelmesh,#hash_6c31a68d80497d98
xmodelmesh,d#hash_6c9f3c46396aec7a
xmodelmesh,#hash_6d0399c1b162eddd
xmodelmesh,d#hash_6d0e5ff109f50f2d
xmodelmesh,#hash_6d744c85849d9a33
xmodelmesh,#hash_6d88580f45fe3375
xmodelmesh,d#hash_6dbec277d5ec5aa2
xmodelmesh,#hash_6e06093576e28dd9
xmodelmesh,d#hash_6e1209b1220bcee2
xmodelmesh,#hash_6e38ca651460f05e
xmodelmesh,d#hash_6e4dd795b0c2c1fb
xmodelmesh,#hash_6e93b81fab92cb22
xmodelmesh,#hash_6e9a7d4267f943bb
xmodelmesh,#hash_6ea0a1f28b4ceb9e
xmodelmesh,#hash_6ea30c2eab43e8cb
xmodelmesh,d#hash_6ead0030c6f76af9
xmodelmesh,d#hash_6eb51f7d66b97fdf
xmodelmesh,#hash_6eb7bc66447b84cf
xmodelmesh,#hash_6eca82e332451e78
xmodelmesh,#hash_6ecebc9bb5887799
xmodelmesh,#hash_6efd708ccec3b2cf
xmodelmesh,#hash_6f65b9d1945dac21
xmodelmesh,#hash_7007ab94bf62602a
xmodelmesh,d#hash_701c7775e9628318
xmodelmesh,d#hash_7065624fccb5a8c4
xmodelmesh,#hash_707046a440c42cf3
xmodelmesh,d#hash_70b8ce9649fd6ad1
xmodelmesh,#hash_7161d34481f525ae
xmodelmesh,#hash_716bb83e207b2d54
xmodelmesh,#hash_71793b3f007a7290
xmodelmesh,#hash_71ab921ee930cc2b
xmodelmesh,d#hash_72417dcff1b9a079
xmodelmesh,#hash_727d913f53635ca6
xmodelmesh,#hash_72b77f360eaf3e3b
xmodelmesh,d#hash_72feb748953d0c87
xmodelmesh,#hash_7349eb78a7b0c134
xmodelmesh,#hash_73d5ceb45863f55b
xmodelmesh,d#hash_7414a84cd1ffaf38
xmodelmesh,#hash_741597e597bb00df
xmodelmesh,d#hash_74400ae909470ab9
xmodelmesh,#hash_74c1374b44692f56
xmodelmesh,#hash_7518a23822190cc8
xmodelmesh,#hash_757610f86dd48ac8
xmodelmesh,d#hash_757b9d99cbd4938a
xmodelmesh,#hash_75bc40337bf22416
xmodelmesh,d#hash_76262face5300a13
xmodelmesh,#hash_767bb44d9972960e
xmodelmesh,#hash_769d1f53c458c9aa
xmodelmesh,#hash_77051d7b0cc04c82
xmodelmesh,#hash_77368418db5a6c5c
xmodelmesh,d#hash_7745323b9cdbbff2
xmodelmesh,d#hash_7780d84abc46765d
xmodelmesh,d#hash_782fbbc4ddd2f5fe
xmodelmesh,#hash_78ab70727160a4e5
xmodelmesh,#hash_78d4a398ef149164
xmodelmesh,#hash_79138bdd64a1bfc7
xmodelmesh,#hash_799f7859e2c12ef9
xmodelmesh,#hash_7a4f413e622cf07b
xmodelmesh,#hash_7a5b322a4e72a492
xmodelmesh,#hash_7a7303b045e1709d
xmodelmesh,#hash_7b318c67ee872e45
xmodelmesh,d#hash_7b56f4d029174b24
xmodelmesh,#hash_7bbd8d0cefdc487d
xmodelmesh,#hash_7c088f8e243f0475
xmodelmesh,#hash_7cc437d3a74a65c4
xmodelmesh,#hash_7ccf2882b110c3dd
xmodelmesh,#hash_7d8c463f3f36371e
xmodelmesh,#hash_7d93ccff1b2ce2a5
xmodelmesh,#hash_7df827f7d87fc7ae
xmodelmesh,#hash_7e6153aa5d077cca
xmodelmesh,#hash_7fae5b7ad0fabb4e
xmodelmesh,d#hash_7fdba2978da329db
xmodelmesh,#hash_7ff92a4eacca6026
techset,#hash_1fed4ee02219f0e
techset,d#hash_30b0f2a627a4b72
techset,d#hash_33832cd9511a3ad
techset,#hash_88027c80ba44578
techset,#hash_abc727ac288144a
techset,d#hash_cda48ac7d89fde8
techset,#hash_d178b7f7fdd7012
techset,d#hash_d66e0567f8fb677
techset,#hash_11fa8c1960248eb4
techset,#hash_163f83928c12e67b
techset,d#hash_16d5e3c594c26b2a
techset,d#hash_1a263d167273ca7b
techset,#hash_1b34ee7bcbe108d2
techset,d#hash_1e57b7a230dfb01f
techset,d#hash_2656ab69d7e5b667
techset,d#hash_26e394f6ac10475f
techset,#hash_275d3b3fe949b214
techset,#hash_27b9da85962096fc
techset,d#hash_28e3488ea8338a1f
techset,d#hash_2dba69a0636b945c
techset,d#hash_2dba6ca0636b9975
techset,d#hash_32d17b26029e0bf6
techset,#hash_39c7d22765f588cb
techset,d#hash_3a9540cfdb6968ec
techset,#hash_3cbd2c1db8e29d7c
techset,d#hash_3e9a99dd42e5eb48
techset,d#hash_4052954b3daa2e0f
techset,#hash_40dc522ddff77a30
techset,#hash_461ea25a726b0026
techset,d#hash_463e30cbcb31457f
techset,d#hash_49263b04faf202a1
techset,#hash_52122b05d6cbe4d9
techset,#hash_52391377bc2aba11
techset,d#hash_52983bf3c4b8ea5a
techset,#hash_5307b6f5d79c1c05
techset,#hash_5848dd9d5569515d
techset,d#hash_59ce91fc9291a81d
techset,d#hash_5c620bec3ab6c90d
techset,d#hash_5ea2fd76e6b90c1b
techset,#hash_6ae50e2f06b5620f
techset,#hash_737c0eb68bc5aebf
techset,d#hash_7615346333341f5d
techset,d#hash_76a7ed741fbb523d
techset,d#hash_7a5629edc4596fbb
techset,d#hash_7c74ccec2904cee4
techset,d#hash_7cdf8869adc7f316
techset,d#hash_7e67b7e4d082e54a
image,#i_c_t8_zmb_blightfather_destory_sac_01_n
image,#i_c_t8_zmb_blightfather_destory_sac_01_o
image,#i_c_t8_zmb_blightfather_destory_sac_01_g
image,#i_c_t8_zmb_blightfather_destory_sac_01_c
image,d#i_c_t8_zmb_dlc0_male_torso3_c
image,#i_c_t8_zmb_dlc0_elephant_body_warpaint_c
image,d#$black_reveal
image,#i_c_t8_zmb_dlc0_elephant_body_foot_right_m
image,#i_c_t8_zmb_dlc0_elephant_body_foot_right_o
image,#i_c_t8_zmb_dlc0_elephant_body_foot_right_n
image,d#i_c_t8_zmb_dlc0_igc_zmb_torso1_c
image,d#i_c_t8_zmb_dlc0_igc_zmb_torso1_g
image,d#i_c_t8_zmb_dlc0_igc_zmb_torso1_o
image,d#i_c_t8_zmb_dlc0_igc_zmb_torso1_n
image,d#$occlusion
image,#i_c_t8_zmb_dlc0_elephant_head_trunk_m
image,#i_c_t8_zmb_dlc0_elephant_head_trunk_n
image,#i_c_t8_zmb_dlc0_elephant_head_trunk_o
image,#i_c_t8_zmb_dlc0_elephant_tiled_leather_a_g
image,#i_c_t8_zmb_dlc0_elephant_tiled_leather_a_c
image,#i_c_t8_zmb_dlc0_elephant_tiled_leather_a_n
image,#i_c_t8_zmb_dlc0_elephant_body_leg_left_n
image,#i_c_t8_zmb_dlc0_elephant_body_leg_left_o
image,#i_c_t8_zmb_dlc0_elephant_body_leg_left_m
image,#i_c_t8_zmb_dlc0_elephant_spikes_n
image,#i_c_t8_zmb_blightfather_destory_sac_02_c
image,#i_c_t8_zmb_blightfather_destory_sac_02_g
image,#i_c_t8_zmb_blightfather_destory_sac_02_o
image,#i_c_t8_zmb_blightfather_destory_sac_02_n
image,#i_c_t8_zmb_dlc0_male_torso2_g
image,#i_c_t8_zmb_dlc0_male_torso2_c
image,#i_c_t8_zmb_dlc0_male_torso2_n
image,#i_c_t8_zmb_dlc0_male_torso2_s
image,d#i_c_t8_zmb_dlc0_hero_scarlett_arm_right_c
image,d#i_c_t8_zmb_dlc0_slave_rope_knot_n
image,d#i_c_t8_zmb_dlc0_slave_rope_knot_o
image,d#i_c_t8_zmb_dlc0_slave_rope_knot_c
image,d#i_c_t8_zmb_dlc0_slave_rope_knot_g
image,d#i_c_t8_zmb_dlc0_hero_stanton_left_leg_c
image,#i_c_t8_zmb_blightfather_torso_g
image,#i_c_t8_zmb_blightfather_torso_c
image,#i_c_t8_zmb_blightfather_torso_o
image,#i_c_t8_zmb_blightfather_torso_n
image,d#i_c_t8_zmb_dlc0_slave_loincloth_g
image,d#$identitynormalmap
image,#i_c_t8_zmb_dlc0_elephant_head_jaw_m
image,#i_c_t8_zmb_dlc0_elephant_head_jaw_n
image,#i_c_t8_zmb_dlc0_elephant_head_jaw_o
image,d#i_c_t8_zmb_dlc0_hero_stanton_waist_cloth_c
image,d#i_c_t8_zmb_dlc0_hero_stanton_left_hand_armor_g
image,d#i_c_t8_zmb_dlc0_hero_stanton_left_hand_armor_c
image,d#i_c_t8_zmb_dlc0_hero_stanton_right_hand_armor_c
image,d#i_c_t8_zmb_dlc0_hero_stanton_right_hand_armor_g
image,d#hash_ebfe76f58df2774
image,d#hash_fc4f54ca328e1a3
image,d#$white_gloss
image,#i_c_t8_zmb_dlc0_male_head2_g
image,#i_c_t8_zmb_dlc0_male_head2_c
image,#i_c_t8_zmb_dlc0_male_head2_o
image,#i_c_t8_zmb_dlc0_male_head2_n
image,d#hash_10a08eac81d1b921
image,#i_c_t8_zmb_dlc0_elephant_tiled_gore_sticky_c
image,#i_c_t8_zmb_dlc0_elephant_tiled_gore_sticky_n
image,#i_c_t8_zmb_dlc0_elephant_tiled_skin_head_c
image,#i_c_t8_zmb_dlc0_elephant_tiled_skin_head_g
image,#i_c_t8_zmb_dlc0_elephant_tiled_skin_head_n
image,#i_c_t8_zmb_dlc0_elephant_tiled_leather_rough_n
image,#i_c_t8_zmb_dlc0_elephant_tiled_leather_rough_c
image,#i_mtl_p7_sandbag_01_n
image,#i_mtl_p7_sandbag_01_c
image,d#i_c_t8_zmb_dlc0_handwraps_c
image,d#i_c_t8_zmb_dlc0_handwraps_g
image,d#i_c_t8_zmb_dlc0_handwraps_o
image,d#i_c_t8_zmb_dlc0_handwraps_n
image,d#$reveal
image,d#i_c_t8_zmb_male_boots_n
image,d#i_c_t8_zmb_male_boots_o
image,d#i_c_t8_zmb_male_boots_c
image,d#i_c_t8_zmb_male_boots_g
image,d#i_c_t8_zmb_male_boots_s
image,#i_c_t8_zmb_dlc0_elephant_toe_nails_decal_n
image,#i_c_t8_zmb_dlc0_elephant_toe_nails_decal_c
image,#i_c_t8_zmb_dlc0_elephant_body_belly_m
image,#i_c_t8_zmb_dlc0_elephant_body_belly_n
image,#i_c_t8_zmb_dlc0_elephant_body_belly_o
image,d#i_c_t8_zmb_dlc0_hero_bruno_legs_c
image,#i_t7_snow_powder_03_r
image,#i_c_t8_zmb_gore_guts_c
image,#i_c_t8_zmb_gore_guts_n
image,#i_c_t8_zmb_dlc0_elephant_head_ear_right_m
image,#i_c_t8_zmb_dlc0_elephant_head_ear_right_o
image,#i_c_t8_zmb_dlc0_elephant_head_ear_right_n
image,#i_c_t8_zmb_dlc0_elephant_body_hand_left_m
image,#i_c_t8_zmb_dlc0_elephant_body_hand_left_o
image,#i_c_t8_zmb_dlc0_elephant_body_hand_left_n
image,d#i_c_t8_zmb_dlc0_slave_manacle_n
image,d#i_c_t8_zmb_dlc0_slave_manacle_o
image,d#i_c_t8_zmb_dlc0_slave_manacle_g
image,d#i_c_t8_zmb_dlc0_slave_manacle_c
image,d#i_c_t8_zmb_dlc0_slave_manacle_s
image,#i_c_t8_zmb_dlc0_slave_corpse_head_c
image,#i_c_t8_zmb_dlc0_slave_corpse_head_g
image,#i_c_t8_zmb_dlc0_slave_corpse_head_n
image,d#i_c_t8_zmb_dlc0_slave_waist_sash_g
image,d#i_c_t8_zmb_dlc0_slave_waist_sash_c
image,d#i_c_t8_zmb_dlc0_slave_waist_sash_o
image,d#i_c_t8_zmb_dlc0_slave_waist_sash_n
image,#i_c_t8_zmb_catalyst_fire_torso_n
image,#i_c_t8_zmb_catalyst_fire_torso_c
image,#i_c_t8_zmb_catalyst_fire_torso_e
image,d#i_c_t8_zmb_dlc0_male_head3_n
image,d#i_c_t8_zmb_dlc0_male_head3_o
image,d#i_c_t8_zmb_dlc0_male_head3_g
image,d#i_c_t8_zmb_dlc0_male_head3_c
image,#i_c_t8_zmb_dlc0_elephant_body_arm_right_m
image,#i_c_t8_zmb_dlc0_elephant_body_arm_right_o
image,#i_c_t8_zmb_dlc0_elephant_body_arm_right_n
image,d#i_c_t8_zmb_zod_zombie_legs_g
image,d#i_c_t8_zmb_zod_zombie_legs_c
image,d#i_c_t8_zmb_zod_zombie_legs_n
image,d#i_t7_snow_powder_02_n
image,#i_c_t8_zmb_catalyst_decay_legs_c
image,d#$white_diffuse
image,d#hash_1d5c50c9eb4eac1c
image,d#i_t8_decal_blood_puddle_floor_01_c
image,#i_t8_decal_blood_puddle_floor_01_r
image,#i_c_t8_zmb_dlc0_elephant_hanging_goo_right_n
image,#i_c_t8_zmb_dlc0_elephant_hanging_goo_right_o
image,d#i_c_t8_zmb_male_head3_g
image,d#i_c_t8_zmb_male_head3_c
image,d#i_c_t8_zmb_male_head3_m
image,d#i_c_t8_zmb_male_head3_n
image,d#i_c_t8_zmb_male_head3_o
image,#i_c_t8_zmb_catalyst_fire_arms_e
image,#i_c_t8_zmb_catalyst_fire_arms_c
image,#i_c_t8_zmb_catalyst_fire_arms_n
image,d#$black_color
image,#i_c_t8_zmb_blightfather_arms_o
image,#i_c_t8_zmb_blightfather_arms_n
image,#i_c_t8_zmb_blightfather_arms_c
image,#i_c_t8_zmb_blightfather_arms_g
image,#i_c_t8_zmb_dlc0_elephant_tiled_bone_n
image,#i_c_t8_zmb_dlc0_elephant_tiled_bone_c
image,d#hash_25f3bd41ded87c54
image,#i_t7_decal_blood_splatter_01_r
image,#i_c_t8_zmb_dlc0_elephant_heart_e
image,#i_c_t8_zmb_dlc0_elephant_heart_m
image,#i_c_t8_zmb_dlc0_elephant_heart_o
image,#i_c_t8_zmb_dlc0_elephant_heart_n
image,#i_t8_decal_grunge_burn_01_r
image,#i_t8_decal_blood_drip_floor_directional_02_c
image,d#i_c_t8_zmb_dlc0_hero_stanton_head1_hair_beardcard3_g
image,d#i_c_t8_zmb_dlc0_hero_stanton_head1_hair_beardcard3_c
image,d#i_c_t8_zmb_dlc0_hero_stanton_head1_hair_beardcard3_o
image,d#i_c_t8_zmb_hero_diego_head_c
image,d#$white_reveal
image,#i_c_t8_zmb_dlc0_elephant_body_spine_m
image,#i_c_t8_zmb_dlc0_elephant_body_spine_o
image,#i_c_t8_zmb_dlc0_elephant_body_spine_n
image,d#i_c_t8_zmb_male_torso1_c
image,d#i_c_t8_zmb_male_torso1_g
image,d#i_c_t8_zmb_male_torso1_o
image,d#i_c_t8_zmb_male_torso1_n
image,d#$normal
image,d#$specular_mask
image,d#hash_2f298bb5d427cb3b
image,#i_c_t7_channel_b
image,#i_t7_micro_snow_sand_n
image,d#char_base_fabric_cotton_n
image,#i_c_t8_zmb_dlc0_elephant_tusk_wraps_m
image,#i_c_t8_zmb_dlc0_elephant_tusk_wraps_n
image,d#i_c_gen_detail_hair3_r
image,d#i_t7_decal_grunge_dirty_tile_01_g
image,#i_c_t8_zmb_dlc0_elephant_leg_wrap_right_m
image,#i_c_t8_zmb_dlc0_elephant_leg_wrap_right_n
image,#i_c_t8_zmb_dlc0_hero_bruno_head_c
image,d#i_c_t8_zmb_dlc0_hero_stanton_underwear_c
image,d#i_c_t8_zmb_dlc0_hero_stanton_underwear_o
image,d#i_c_t8_zmb_dlc0_hero_stanton_underwear_n
image,#i_t8_decal_blood_streaks_wall_medium_01_c
image,d#$gray_32_one_channel
image,#i_c_t8_zmb_dlc0_elephant_tusk_left_m
image,#i_c_t8_zmb_dlc0_elephant_tusk_left_n
image,#i_c_t8_zmb_dlc0_elephant_tusk_left_o
image,d#i_c_t8_zmb_male_head1_g
image,d#i_c_t8_zmb_male_head1_o
image,#i_c_t8_zmb_dlc0_elephant_leg_wrap_left_m
image,#i_c_t8_zmb_dlc0_elephant_leg_wrap_left_n
image,#i_mtl_p8_zm_zod_crafting_table_tool_glove_decal_sutre_01_c
image,#i_mtl_p8_zm_zod_crafting_table_tool_glove_decal_sutre_01_n
image,d#i_c_t8_zmb_dlc0_hero_stanton_chest_straps_c
image,d#i_c_t8_zmb_dlc0_hero_stanton_chest_straps_g
image,d#i_c_t8_zmb_dlc0_slave_waist_sash_knot_n
image,d#i_c_t8_zmb_dlc0_slave_waist_sash_knot_o
image,d#i_c_t8_zmb_dlc0_slave_waist_sash_knot_c
image,d#i_c_t8_zmb_dlc0_slave_waist_sash_knot_g
image,d#hash_36d5dbba5794e301
image,#i_c_t8_zmb_blightfather_legs_o
image,#i_c_t8_zmb_blightfather_legs_n
image,#i_c_t8_zmb_blightfather_legs_c
image,#i_c_t8_zmb_blightfather_legs_g
image,d#i_c_t8_zmb_dlc0_hero_diego_shoulder_armor_c
image,d#$gloss
image,d#i_c_t8_zmb_dlc0_hero_stanton_right_arm_c
image,d#i_c_t8_zmb_dlc0_hero_stanton_right_arm_g
image,d#i_c_t8_zmb_dlc0_hero_bruno_torso_c
image,d#i_c_gen_detail_scratches_n
image,d#i_mtl_c_t8_zmb_eye_glow
image,#i_mtl_p7_skulls_bones_set_n
image,#i_mtl_p7_skulls_bones_set_c
image,#i_c_t8_zmb_dlc0_elephant_body_warpaint_evil_c
image,d#i_c_t8_detail_metal_light_scratch_n
image,d#i_c_t8_zmb_dlc0_hero_scarlett_arm_left_c
image,d#$white_ao
image,d#$white_specular
image,#i_c_t8_zmb_dlc0_elephant_hanging_goo_front_o
image,#i_c_t8_zmb_dlc0_elephant_hanging_goo_front_n
image,#i_c_t8_zmb_dlc0_elephant_hanging_goo_left_o
image,#i_c_t8_zmb_dlc0_elephant_hanging_goo_left_n
image,#i_c_t8_zmb_catalyst_fire_legs_c
image,#i_c_t8_zmb_catalyst_fire_legs_n
image,#i_t8_decal_blood_handprint_wall_smear_vertical_02_c
image,#i_c_t8_zmb_dlc0_elephant_body_arm_left_m
image,#i_c_t8_zmb_dlc0_elephant_body_arm_left_n
image,#i_c_t8_zmb_dlc0_elephant_body_arm_left_o
image,d#i_c_t8_zmb_dlc0_hero_stanton_chest_g
image,d#i_c_t8_zmb_dlc0_hero_stanton_chest_c
image,d#i_c_t8_zmb_dlc0_slave_skirt_n
image,d#i_c_t8_zmb_dlc0_slave_skirt_o
image,d#i_c_t8_zmb_dlc0_slave_skirt_g
image,d#i_c_t8_zmb_dlc0_slave_skirt_c
image,#i_c_t8_zmb_dlc0_elephant_grunge_decal_n
image,#i_c_t8_zmb_dlc0_elephant_grunge_decal_c
image,d#i_c_t8_zmb_gib_gore_stump_c
image,d#i_c_t8_zmb_gib_gore_stump_n
image,d#tv_lookup
image,d#hash_49b301ba62b3c153
image,d#hash_49b308ba62b3cd38
image,d#hash_49b309ba62b3ceeb
image,d#hash_49b30bba62b3d251
image,d#$color_black_40
image,#i_c_t8_zmb_dlc0_elephant_tiled_skin_c
image,#i_c_t8_zmb_dlc0_elephant_tiled_skin_g
image,#i_c_t8_zmb_dlc0_elephant_tiled_skin_n
image,#i_c_t8_zmb_dlc0_elephant_dripping_flesh_right_m
image,#i_c_t8_zmb_dlc0_elephant_dripping_flesh_right_n
image,#i_c_t8_zmb_dlc0_elephant_dripping_flesh_right_o
image,#i_c_t8_zmb_dlc0_elephant_ribs_o
image,#i_c_t8_zmb_dlc0_elephant_ribs_n
image,#i_c_t8_zmb_dlc0_elephant_ribs_m
image,#i_c_t8_zmb_dlc0_elephant_grunge_decal_02_c
image,#i_c_t8_zmb_dlc0_hero_diego_head_c
image,#i_t7_decal_grunge_chemical_corrosion_r
image,#i_c_t8_zmb_dlc0_elephant_head_ear_left_m
image,#i_c_t8_zmb_dlc0_elephant_head_ear_left_n
image,#i_c_t8_zmb_dlc0_elephant_head_ear_left_o
image,#i_c_t8_zmb_catalyst_water_legs_c
image,d#detail_map_scratches_n
image,#i_c_t8_zmb_dlc0_elephant_body_leg_right_o
image,#i_c_t8_zmb_dlc0_elephant_body_leg_right_n
image,#i_c_t8_zmb_dlc0_elephant_body_leg_right_m
image,#i_c_t8_zmb_dlc0_elephant_body_hand_right_n
image,#i_c_t8_zmb_dlc0_elephant_body_hand_right_o
image,#i_c_t8_zmb_dlc0_elephant_body_hand_right_m
image,#i_t8_decal_blood_streaks_floor_crawler_01_r
image,#i_t8_decal_blood_streaks_floor_crawler_01_c
image,#i_c_t8_zmb_dlc0_elephant_head_o
image,#i_c_t8_zmb_dlc0_elephant_head_n
image,#i_c_t8_zmb_dlc0_elephant_head_m
image,d#$black_gloss
image,d#i_c_t8_zmb_dlc0_slave_rope_o
image,d#i_c_t8_zmb_dlc0_slave_rope_n
image,d#i_c_t8_zmb_dlc0_slave_rope_c
image,d#i_c_t8_zmb_dlc0_slave_rope_g
image,d#i_c_t8_zmb_male_head1_igc_c
image,d#i_c_t8_zmb_male_head1_igc_n
image,#hash_56ad4be0d5b5829c
image,#i_mtl_p8_zm_zod_crafting_table_tool_glove_cloth_01_n
image,#i_mtl_p8_zm_zod_crafting_table_tool_glove_cloth_01_c
image,d#$gray
image,d#$black_multimask
image,d#i_c_t8_zmb_dlc0_hero_stanton_boot_c
image,d#i_c_t8_zmb_dlc0_hero_stanton_boot_g
image,d#i_c_t8_zmb_dlc0_hero_bruno_lion_pauldron_c
image,d#hash_59763b481e2d5142
image,d#hash_59763c481e2d52f5
image,d#hash_597640481e2d59c1
image,d#hash_597644481e2d608d
image,#i_c_t8_zmb_catalyst_water_torso_e
image,#i_c_t8_zmb_catalyst_water_torso_c
image,d#$black
image,#i_c_t8_zmb_catalyst_decay_torso_c
image,d#skin_pore_detail
image,d#i_t8_snow_sparkle_global_g
image,d#i_t8_snow_sparkle_global_c
image,#i_c_t8_zmb_dlc0_elephant_body_tail_m
image,#i_c_t8_zmb_dlc0_elephant_body_tail_n
image,#i_c_t8_zmb_dlc0_elephant_body_tail_o
image,#i_c_t8_zmb_dlc0_elephant_text_decal_c
image,d#i_c_t8_zmb_hero_bruno_head_c
image,#i_c_t8_zmb_dlc0_elephant_tusk_right_m
image,#i_c_t8_zmb_dlc0_elephant_tusk_right_o
image,#i_c_t8_zmb_dlc0_elephant_tusk_right_n
image,d#i_mtl_t8_metal_bare_steel_worn_01_g
image,d#$white_thickness
image,#i_c_t8_zmb_catalyst_decay_arms_e
image,#i_c_t8_zmb_catalyst_decay_arms_c
image,d#i_c_t8_zmb_dlc0_hero_bruno_arms_c
image,#i_c_t8_zmb_dlc0_hero_stanton_head_c
image,d#i_c_t8_zmb_dlc0_hero_stanton_head_g
image,#i_c_t8_zmb_dlc0_elephant_tiled_ribs_c
image,d#i_c_t8_zmb_gib_gore_blood_n
image,d#i_c_t8_zmb_gib_gore_blood_c
image,#i_c_t8_zmb_catalyst_electric_legs_g
image,#i_c_t8_zmb_catalyst_electric_legs_c
image,#i_c_t8_zmb_catalyst_electric_legs_n
image,#i_c_t8_zmb_catalyst_electric_legs_o
image,d#i_t8_metal_bare_steel_worn_01_n
image,#i_c_t8_zmb_dlc0_elephant_husk_dissolve_r
image,#i_t8_decal_blood_splatter_floor_01_c
image,d#char_base_fabric_leather_n
image,d#hash_68ed6a48266915df
image,#i_t8_decal_blood_splatter_wall_directional_03_c
image,d#char_base_fabric_canvas_n
image,#i_mtlp7_zm_gen_horror_shards_kit_07_rock_01_m
image,d#i_c_t8_zmb_dlc0_hero_stanton_right_leg_c
image,#i_c_t8_zmb_gore_tile_c
image,#i_c_t8_zmb_gore_tile_o
image,#i_c_t8_zmb_gore_tile_n
image,#i_c_t8_zmb_dlc0_elephant_tiled_skin_ears_c
image,#i_c_t8_zmb_dlc0_elephant_tiled_skin_ears_g
image,#i_c_t8_zmb_dlc0_elephant_tiled_gore_n
image,#i_c_t8_zmb_dlc0_elephant_tiled_gore_c
image,#i_c_t8_zmb_dlc0_elephant_dripping_flesh_left_o
image,#i_c_t8_zmb_dlc0_elephant_dripping_flesh_left_n
image,#i_c_t8_zmb_dlc0_elephant_dripping_flesh_left_m
image,#i_t7_decal_blood_grunge_01_r
image,#i_t7_decal_blood_grunge_01_n
image,#i_c_t8_zmb_dlc0_elephant_body_foot_left_m
image,#i_c_t8_zmb_dlc0_elephant_body_foot_left_n
image,#i_c_t8_zmb_dlc0_elephant_body_foot_left_o
image,#i_t8_decal_blood_splatter_wall_directional_02_c
image,#i_t8_decal_blood_splatter_floor_02_c
image,d#$blacktransparent_color
image,d#hash_72a2b4f4182f5ea7
image,#i_c_t8_zmb_dlc0_elephant_head_glow_e
image,#i_t8_decal_blood_drip_wall_directional_01_c
image,#i_t8_zm_chaos_base_01_n
image,d#hash_746acabcdf5fb8ac
image,d#i_c_t8_zmb_dlc0_hero_stanton_shoulder_armor_c
image,d#i_c_t8_zmb_dlc0_hero_stanton_shoulder_armor_g
image,#i_c_t8_zmb_dlc0_slave_corpse_arms_n
image,#i_c_t8_zmb_dlc0_slave_corpse_arms_g
image,#i_c_t8_zmb_dlc0_slave_corpse_arms_c
image,#i_mtl_p7_zm_gen_horror_shards_kit_07_rock_01_n
image,d#i_c_t8_zmb_dlc0_hero_diego_shoes_c
image,d#i_c_t8_zmb_dlc0_hero_diego_shoes_g
image,d#i_c_t8_zmb_dlc0_hero_diego_shoes_o
image,d#i_c_t8_zmb_dlc0_hero_diego_shoes_n
image,d#i_c_t8_zmb_dlc0_hero_stanton_kilt_c
image,d#i_c_t7_skin_ir
image,#i_c_t8_zmb_dlc0_slave_corpse_body_n
image,#i_c_t8_zmb_dlc0_slave_corpse_body_g
image,#i_c_t8_zmb_dlc0_slave_corpse_body_c
image,#i_c_t8_zmb_dlc0_slave_corpse_chest_g
image,#i_c_t8_zmb_dlc0_slave_corpse_chest_c
image,#i_c_t8_zmb_dlc0_slave_corpse_chest_n
image,#i_c_t8_zmb_catalyst_water_arms_c
image,#i_c_t8_zmb_catalyst_water_arms_e
image,#i_c_t8_zmb_catalyst_electric_torso_n
image,#i_c_t8_zmb_catalyst_electric_torso_o
image,#i_c_t8_zmb_catalyst_electric_torso_g
image,#i_c_t8_zmb_catalyst_electric_torso_c
image,#i_t8_decal_blood_splatter_floor_03_c
image,d#hash_79c21c0b159be2b0
image,d#i_c_t8_zmb_male_arms1_c
image,d#i_c_t8_zmb_male_arms1_g
image,d#i_c_t8_zmb_male_arms1_o
image,d#i_c_t8_zmb_male_arms1_n
image,#i_c_t8_zmb_catalyst_electric_arms_n
image,#i_c_t8_zmb_catalyst_electric_arms_o
image,#i_c_t8_zmb_catalyst_electric_arms_c
image,#i_c_t8_zmb_catalyst_electric_arms_g
image,#i_c_t8_zmb_dlc0_elephant_tiled_fat_n
image,#i_c_t8_zmb_dlc0_elephant_tiled_fat_c
image,d#$default
image,#i_c_t8_zmb_dlc0_zombie_pants_c
image,#i_c_t8_zmb_dlc0_zombie_pants_g
image,#i_c_t8_zmb_dlc0_zombie_pants_n
image,#i_c_t8_zmb_dlc0_zombie_pants_o
image,#i_c_t8_zmb_dlc0_elephant_tiled_leather_b_c
image,#i_c_t8_zmb_dlc0_elephant_tiled_leather_b_n
keyvaluepairs,#k15safe_zm_towers
surfacesounddef,d#hash_7a02727ac7423cc9
ragdoll,#hash_5aa10728b782dbd3
physconstraints,#hash_3d67b4b87611bc0e
material,#mc/mtl_c_t8_zmb_dlc0_elephant_tusk_left
material,#hash_b747ef64a6bb6c
material,#mc/mtl_c_t8_zmb_dlc0_elephant_body_leg_left_evil_husk
material,#hash_11cc2b69b2bb713
material,#mc/mtl_c_t8_zmb_dlc0_elephant_body_foot_right_bone_husk
material,#mc/mtl_c_t8_zmb_dlc0_elephant_body_foot_left_husk
material,#mc/mtl_c_t8_zmb_dlc0_elephant_head_ear_left_detail_evil
material,#mc/mtl_c_t8_zmb_blightfather_torso
material,d#mc/mtl_c_t8_zmb_gib_gore_blood
material,#hash_2d8b25f77aa6717
material,#mc/mtl_c_t8_zmb_dlc0_elephant_head_jaw_evil
material,#mc/mtl_c_t8_zmb_dlc0_elephant_body_hand_left_nails
material,#mc/mtl_c_t8_zmb_dlc0_elephant_tusk_right
material,#mc/mtl_c_t8_zmb_dlc0_elephant_tusk_right_evil
material,#hash_4dfb32dd8958eb5
material,#mc/mtl_c_t8_zmb_dlc0_elephant_head_ear_left_husk
material,#hash_501105fc174110e
material,d#mc/mtl_c_t8_zmb_dlc0_slave_manacle
material,#mc/mtl_c_t8_zmb_dlc0_elephant_spikes_evil
material,#mc/mtl_c_t8_zmb_dlc0_elephant_body_flap
material,#mc/mtl_c_t8_zmb_dlc0_elephant_head
material,#hash_6a7a2b7ab387022
material,#mc/mtl_c_t8_zmb_catalyst_fire_arms
material,#mc/mtl_c_t8_zmb_dlc0_elephant_hanging_goo_front
material,#mc/mtl_c_t8_zmb_dlc0_elephant_tusk_left_evil_husk
material,#mc/mtl_c_t8_zmb_dlc0_elephant_tusk_wraps_detail_husk
material,#mc/mtl_c_t8_zmb_dlc0_elephant_head_ear_left_detail
material,#mc/mtl_c_t8_zmb_dlc0_elephant_body_hand_right_husk
material,#mc/mtl_c_t8_zmb_dlc0_elephant_body_hand_right_bone
material,#hash_8f01b40e87c365a
material,#hash_8f70740e882330c
material,#mc/mtl_c_t8_zmb_dlc0_elephant_head_jaw_bone_husk
material,#mc/mtl_c_t8_zmb_dlc0_elephant_body_belly_husk
material,#mc/mtl_c_t8_zmb_dlc0_elephant_body_belly_evil_husk
material,#mc/mtl_c_t8_zmb_dlc0_elephant_head_jaw_bone
material,#mc/mtl_c_t8_zmb_dlc0_elephant_head_teeth_husk
material,#mc/mtl_c_t8_zmb_dlc0_elephant_head_evil
material,#hash_ae5352749498398
material,#mc/mtl_c_t8_zmb_dlc0_elephant_grunge_decal
material,#mc/mtl_c_t8_zmb_dlc0_elephant_body_flap_husk
material,#hash_d197494a7224ec8
material,#mc/mtl_c_t8_zmb_dlc0_elephant_body_spine_evil_husk
material,#mc/mtl_c_t8_zmb_dlc0_elephant_toe_nails_decal
material,d#mc/mtl_c_t8_zmb_gib_gore_punchblood
material,#mc/mtl_c_t8_zmb_dlc0_elephant_head_target_husk
material,#mc/mtl_c_t8_zmb_dlc0_elephant_body_leg_right_evil
material,#mc/mtl_c_t8_zmb_dlc0_elephant_ribs_husk
material,#hash_1160eeae38067f86
material,#mc/mtl_c_t8_zmb_dlc0_elephant_head_ear_left_gore_evil
material,#hash_11ff3d2247873bdf
material,#mc/mtl_c_t8_zmb_dlc0_elephant_body_foot_right_nails
material,#mc/mtl_c_t8_zmb_dlc0_elephant_body_foot_right_husk
material,d#mc/mtl_c_t8_zmb_dlc0_slave_waist_sash
material,#mc/mtl_c_t8_zmb_dlc0_elephant_body_hand_right_nails
material,#mc/mtl_c_t8_zmb_dlc0_elephant_body_arm_right_evil
material,#mc/mtl_c_t8_zmb_dlc0_elephant_head_jaw_husk
material,#mc/mtl_c_t8_zmb_dlc0_elephant_body_leg_right_bone_husk
material,#mc/t7_snow_powder_03_blend
material,#mc/mtl_c_t8_zmb_dlc0_elephant_body_foot_left_evil_husk
material,#mc/mtl_c_t8_zmb_dlc0_elephant_hanging_goo_front_evil
material,#hash_165777bf0b5a81b0
material,d#mc/mtl_c_t8_zmb_dlc0_slave_skirt
material,d#mc/bullet_collision_cloth
material,#mc/mtl_c_t8_zmb_dlc0_elephant_leg_wrap_left
material,#mc/mtl_c_t8_zmb_dlc0_elephant_dripping_flesh_left
material,#mc/mtl_c_t8_zmb_catalyst_water_arms
material,#mc/mtl_c_t8_zmb_dlc0_male_torso2_skin2
material,d#mc/mtl_c_t8_zmb_eyes
material,#mc/mtl_c_t8_zmb_dlc0_elephant_body_arm_left_husk
material,#mc/mtl_c_t8_zmb_dlc0_elephant_spikes_husk
material,#mc/mtl_c_t8_zmb_dlc0_elephant_leg_wrap_left_evil
material,d#hash_1ad43f68bfe23089
material,#mc/mtl_c_t8_zmb_dlc0_elephant_head_ear_right_husk
material,#mc/mtl_c_t8_zmb_dlc0_elephant_body_leg_left
material,#mc/mtl_c_t8_zmb_dlc0_elephant_body_foot_right_nails_evil
material,d#mc/mtl_c_t8_zmb_male_torso3
material,d#mc/mtl_c_t8_zmb_male_torso1
material,#mc/mtl_c_t8_zmb_dlc0_elephant_body_evil
material,#mc/mtl_c_t8_zmb_dlc0_elephant_heart
material,#hash_1ecba0feea7712a8
material,#hash_1fc359fb945fd1bb
material,#mc/mtl_c_t8_zmb_dlc0_elephant_head_trunk_evil
material,#mc/mtl_c_t8_zmb_dlc0_elephant_body_warpaint
material,#hash_22605227da1baf71
material,#hash_22ac1765a6332ee4
material,d#hash_22c95b74bbe79ad2
material,#mc/mtl_c_t8_zmb_dlc0_elephant_head_target
material,#mc/mtl_c_t8_zmb_dlc0_elephant_body_leg_left_husk
material,#hash_25496b24cbc18578
material,#mc/mtl_c_t8_zmb_blightfather_legs_noreveal
material,#hash_257c5213a1473e5a
material,#mc/mtl_c_t8_zmb_dlc0_elephant_tusk_wraps_husk
material,d#mc/mtl_c_t8_zmb_male_torso1_lod
material,#mc/mtl_c_t8_zmb_dlc0_zombie_pants_backface
material,d#mc/mtl_c_t8_zmb_dlc0_slave_loincloth
material,#mc/mtl_c_t8_zmb_dlc0_elephant_head_tongue
material,#mc/mtl_c_t8_zmb_dlc0_elephant_leg_wrap_right_detail_husk
material,#hash_27967b94f06f6755
material,d#mc/mtl_c_t8_zmb_male_head1
material,d#mc/mtl_c_t8_zmb_male_head3
material,#hash_2836ddf9a14c7d89
material,#hash_284273034e1e979e
material,#mc/mtl_c_t8_zmb_dlc0_elephant_dripping_flesh_right_evil_husk
material,#hash_2907b19e1a44c529
material,d#mc/mtl_c_t8_zmb_gib_gore_stump
material,#hash_2a0f5af1d252a5c7
material,d#mc/mtl_c_t8_zmb_dlc0_male_torso1
material,#mc/mtl_c_t8_zmb_dlc0_male_torso2
material,#mc/mtl_c_t8_zmb_dlc0_elephant_body_hand_left_evil_husk
material,#mc/mtl_c_t8_zmb_dlc0_elephant_body_arm_left
material,#mc/mtl_c_t8_zmb_blightfather_legs
material,#mc/mtl_c_t8_zmb_dlc0_elephant_tusk_left_husk
material,#mc/mtl_c_t8_zmb_dlc0_elephant_ribs_evil_husk
material,d#mc/mtl_c_t8_zmb_dlc0_male_head3
material,#mc/mtl_c_t8_zmb_dlc0_male_head2
material,#hash_2d9526bebd124ecf
material,#wc/t7_decal_blood_splatter_01
material,#mc/mtl_c_t8_zmb_dlc0_elephant_ribs
material,#mc/mtl_c_t8_zmb_dlc0_elephant_body_evil_husk
material,#hash_30b6beb88fc0b1d5
material,#hash_3115fe6e3521b9d6
material,#hash_314054c9302fab42
material,#mc/mtl_c_t8_zmb_dlc0_elephant_dripping_flesh_right_husk
material,#mc/mtl_c_t8_zmb_dlc0_elephant_body_hand_right
material,#mc/mtl_c_t8_zmb_dlc0_elephant_body_arm_left_evil_husk
material,#mc/mtl_c_t8_zmb_dlc0_elephant_hanging_goo_left_evil
material,#hash_346f0229bd47c117
material,#mc/mtl_c_t8_zmb_dlc0_elephant_body_flap_evil
material,#mc/mtl_c_t8_zmb_dlc0_elephant_leg_wrap_left_evil_husk
material,#hash_36098ce735f374bc
material,#hash_3609a4e2901afb61
material,#mc/mtl_c_t8_zmb_dlc0_elephant_body_foot_left_nails_husk
material,#mc/mtl_c_t8_zmb_catalyst_electric_legs
material,#mc/mtl_c_t8_zmb_dlc0_elephant_head_ear_left_evil_husk
material,d#mc/mtl_c_t8_zmb_male_metal
material,#mc/mtl_c_t8_zmb_dlc0_elephant_head_ear_left_evil
material,#mc/mtl_c_t8_zmb_dlc0_elephant_body_hand_right_bone_husk
material,#mc/mtl_c_t8_zmb_dlc0_elephant_body_spine_husk
material,#mc/mtl_c_t8_zmb_dlc0_elephant_body_leg_right
material,#mc/mtl_c_t8_zmb_catalyst_decay_arms_noreveal
material,#mc/mtl_c_t8_zmb_dlc0_elephant_head_ear_left_gore_husk
material,#mc/mtl_c_t8_zmb_dlc0_elephant_leg_wrap_right_husk
material,d#mc/mtl_c_t8_zmb_male_arms1
material,#mc/mtl_c_t8_zmb_dlc0_elephant_head_teeth
material,#mc/mtl_c_t8_zmb_dlc0_elephant_head_evil_husk
material,#mc/mtl_c_t8_zmb_dlc0_elephant_leg_wrap_right_evil_husk
material,#mc/mtl_c_t8_zmb_dlc0_elephant_body_leg_left_evil
material,#mc/mtl_c_t8_zmb_dlc0_elephant_body_foot_right
material,#mc/mtl_c_t8_zmb_dlc0_elephant_body_foot_right_evil
material,#mc/mtl_c_t8_zmb_dlc0_elephant_tusk_wraps_detail
material,#mc/mtl_c_t8_zmb_dlc0_elephant_head_trunk_evil_husk
material,#mc/mtl_c_t8_zmb_gore_tile
material,#mc/mtl_c_t8_zmb_dlc0_elephant_grunge_decal_02
material,#mc/mtl_c_t8_zmb_blightfather_torso_noreveal
material,#mc/mtl_c_t8_zmb_catalyst_electric_arms
material,#mc/mtl_c_t8_zmb_dlc0_elephant_body_foot_right_bone
material,#mc/mtl_c_t8_zmb_dlc0_elephant_body_hand_right_evil_husk
material,#mc/mtl_c_t8_zmb_dlc0_elephant_body_foot_right_evil_husk
material,#hash_408338456184de79
material,#hash_40d9e0f657843118
material,#mc/mtl_c_t8_zmb_dlc0_elephant_tusk_left_evil
material,d#mc/mtl_c_t8_zmb_dlc0_slave_rope_knot
material,#mc/mtl_c_t8_zmb_dlc0_elephant_body_foot_left_evil
material,#mc/mtl_c_t8_zmb_dlc0_elephant_body_tail_husk
material,#mc/mtl_c_t8_zmb_dlc0_elephant_body_foot_right_bone_evil
material,#mc/mtl_c_t8_zmb_dlc0_elephant_body_foot_left
material,#mc/mtl_c_t8_zmb_dlc0_elephant_head_bone_evil
material,#mc/mtl_c_t8_zmb_dlc0_elephant_body_leg_right_husk
material,#mc/mtl_c_t8_zmb_dlc0_elephant_head_ear_right_evil_husk
material,#mc/mtl_c_t8_zmb_catalyst_electric_torso
material,#mc/mtl_c_t8_zmb_dlc0_elephant_body_leg_right_evil_husk
material,#hash_4456cc0c52a83fcb
material,#mc/mtl_c_t8_zmb_dlc0_elephant_body_arm_left_evil
material,#mc/mtl_c_t8_zmb_dlc0_elephant_hanging_goo_right_evil
material,#wc/t7_decal_blood_puddles_01
material,#mc/mtl_c_t8_zmb_dlc0_elephant_body_tail
material,#hash_474b3f3ceacb4672
material,#mc/mtl_c_t8_zmb_dlc0_elephant_head_jaw_bone_evil
material,d#mc/mtl_c_t8_zmb_dlc0_hero_diego_shoes
material,#mc/mtl_c_t8_zmb_dlc0_elephant_body_hand_left_husk
material,#hash_48c99d59b829a63a
material,d#mc/mtl_c_t8_zmb_male_torso3_lod
material,#mc/mtl_c_t8_zmb_dlc0_elephant_body
material,#mc/mtl_c_t8_zmb_dlc0_elephant_hanging_goo_left
material,#mc/mtl_p8_zm_chaos_mount_02
material,#mc/mtl_c_t8_zmb_dlc0_elephant_dripping_flesh_left_evil
material,#mc/mtl_c_t8_zmb_dlc0_elephant_dripping_flesh_right_evil
material,#mc/mtl_c_t8_zmb_catalyst_decay_arms
material,#mc/mtl_c_t8_zmb_dlc0_elephant_body_foot_left_nails_evil
material,#mc/mtl_c_t8_zmb_dlc0_elephant_tusk_right_evil_husk
material,#mc/mtl_c_t8_zmb_dlc0_elephant_leg_wrap_right_evil
material,#mc/mtl_c_t8_zmb_dlc0_elephant_head_target_glow
material,#hash_4d10c1d60a4b65e6
material,#mc/mtl_c_t8_zmb_dlc0_elephant_body_hand_right_bone_evil
material,#hash_4d39ae8b89cb4640
material,#mc/mtl_c_t8_zmb_dlc0_elephant_body_spine_evil
material,#mc/mtl_c_t8_zmb_dlc0_male_head3_skin2
material,d#mc/mtl_c_t8_zmb_male_boots
material,d#mc/mtl_c_t8_zmb_zod_zombie_legs
material,#mc/mtl_c_t8_zmb_dlc0_elephant_head_target_evil
material,#hash_4e9dcd66c2239877
material,#mc/mtl_c_t8_zmb_dlc0_elephant_head_tongue_evil
material,#mc/mtl_c_t8_zmb_dlc0_elephant_body_hand_left_bone_husk
material,#hash_501974a319faf546
material,#hash_510badf8a10585bf
material,#vd/t7_decal_blood_splatter_01_dry
material,#mc/mtl_c_t8_zmb_catalyst_water_torso
material,#mc/mtl_c_t8_zmb_dlc0_elephant_body_arm_right
material,#hash_541e17e92f155631
material,#hash_542be4ce753d636d
material,#mc/mtl_c_t8_zmb_dlc0_elephant_body_arm_right_husk
material,#hash_54907a38bab99a02
material,#hash_551c66ad90e00df1
material,#mc/mtl_c_t8_zmb_dlc0_elephant_leg_wrap_right
material,d#hash_55b212072fe9283e
material,#mc/mtl_c_t8_zmb_dlc0_elephant_dripping_flesh_right
material,d#hash_55d40e07300607d8
material,#mc/mtl_c_t8_zmb_dlc0_elephant_body_hand_left_nails_evil
material,#mc/mtl_c_t8_zmb_dlc0_elephant_body_tail_evil
material,#hash_583d021883c09b67
material,#mc/mtl_c_t8_zmb_dlc0_elephant_head_ear_right_evil
material,d#mc/mtl_c_t8_zmb_male_head1_lod
material,#mc/mtl_c_t8_zmb_dlc0_elephant_head_jaw_evil_husk
material,#mc/mtl_c_t8_zmb_dlc0_elephant_head_bone_husk
material,#mc/mtl_c_t8_zmb_dlc0_elephant_tusk_right_husk
material,#mc/mtl_c_t8_zmb_catalyst_decay_torso_noreveal
material,#mc/mtl_c_t8_zmb_dlc0_elephant_head_jaw
material,#mc/mtl_p8_zm_zod_crafting_table_tool_glove_decal_sutre_01
material,#mc/mtl_c_t8_zmb_catalyst_decay_legs
material,#mc/mtl_c_t8_zmb_blightfather_arms
material,#hash_5dc06313c682a2cb
material,#mc/mtl_c_t8_zmb_dlc0_elephant_head_trunk_husk
material,#mc/mtl_c_t8_zmb_dlc0_elephant_body_hand_right_evil
material,#mc/mtl_c_t8_zmb_catalyst_water_legs
material,#mc/mtl_c_t8_zmb_catalyst_fire_legs
material,#mc/mtl_c_t8_zmb_dlc0_elephant_body_belly_evil
material,#hash_60a049c91919f39a
material,d#hash_6109b3c818b1c5f0
material,#mc/mtl_c_t8_zmb_dlc0_elephant_head_trunk
material,#mc/mtl_c_t8_zmb_dlc0_elephant_text_decal
material,#mc/mtl_c_t8_zmb_dlc0_elephant_tusk_wraps
material,#mc/mtl_c_t8_zmb_dlc0_elephant_leg_wrap_right_detail
material,#mc/mtl_c_t8_zmb_dlc0_elephant_head_ear_right_gore_husk
material,#hash_62b00aa73beae95d
material,#mc/mtl_c_t8_zmb_dlc0_elephant_body_foot_left_nails
material,#mc/mtl_c_t8_zmb_dlc0_elephant_head_ear_left
material,#mc/mtl_p7_skulls_bones_set
material,#mc/mtl_c_t8_zmb_dlc0_elephant_leg_wrap_left_husk
material,d#hash_64ead771860e28fb
material,#mc/mtl_c_t8_zmb_dlc0_male_head2_skin2
material,#mc/mtl_c_t8_zmb_dlc0_elephant_body_hand_left_bone
material,#mc/mtl_c_t8_zmb_dlc0_elephant_body_hand_right_nails_evil
material,#mc/mtl_c_t8_zmb_catalyst_fire_torso
material,#mc/mtl_p7_sandbag_01
material,#mc/mtl_c_t8_zmb_dlc0_elephant_body_hand_left
material,#hash_66ee887a5495bcb8
material,d#mc/global_invisible
material,#hash_67884a2c523e688c
material,#hash_67884b2c523e6a3f
material,#hash_67884c2c523e6bf2
material,#mc/mtl_c_t8_zmb_dlc0_elephant_body_leg_right_bone
material,#vd/t7_decal_blood_grunge_01
material,d#mc/mtl_c_t8_zmb_dlc0_slave_handwraps
material,#hash_68ca5cff6f284893
material,#vd/t7_decal_blood_puddles_01_dry
material,#mc/mtl_c_t8_zmb_dlc0_elephant_body_hand_left_nails_husk
material,#mc/mtl_c_t8_zmb_dlc0_elephant_eyes
material,#mc/mtl_c_t8_zmb_dlc0_elephant_head_bone
material,#hash_6bb9f329634234b9
material,#mc/mtl_c_t8_zmb_dlc0_elephant_body_spine
material,#hash_6ce91a0ec9719408
material,#mc/mtl_c_t8_zmb_dlc0_elephant_head_ear_left_detail_husk
material,#mc/mtl_c_t8_zmb_dlc0_elephant_hanging_goo_front_evil_husk
material,#hash_6f1812640f515a2c
material,#hash_6f64b8e1be475c66
material,#hash_7069df567da376c7
material,#mc/mtl_c_t8_zmb_dlc0_elephant_dripping_flesh_left_evil_husk
material,#mc/mtl_c_t8_zmb_dlc0_elephant_body_hand_left_evil
material,#mc/mtl_c_t8_zmb_catalyst_decay_torso
material,#mc/mtl_c_t8_zmb_dlc0_elephant_body_hand_right_nails_husk
material,#mc/mtl_c_t8_zmb_catalyst_decay_legs_noreveal
material,#mc/mtl_c_t8_zmb_dlc0_elephant_head_ear_left_gore
material,#mc/mtl_c_t8_zmb_dlc0_elephant_ribs_evil
material,d#mc/mtl_c_t8_zmb_dlc0_slave_waist_sash_knot
material,#mc/mtl_c_t8_zmb_dlc0_elephant_leg_wrap_right_detail_evil
material,#vd/t7_decal_blood_puddles_01
material,#mc/mtl_c_t8_zmb_dlc0_elephant_body_foot_right_nails_husk
material,#hash_74bc5d50cee6b68f
material,#mc/mtl_c_t8_zmb_dlc0_elephant_body_husk
material,#mc/mtl_c_t8_zmb_dlc0_elephant_spikes
material,#mc/mtl_c_t8_zmb_dlc0_elephant_body_belly
material,#mc/mtl_c_t8_zmb_dlc0_elephant_body_arm_right_evil_husk
material,#mc/mtl_c_t8_zmb_dlc0_elephant_head_ear_right_gore_evil
material,#mc/mtl_c_t8_zmb_dlc0_elephant_head_teeth_evil
material,#vd/t7_decal_blood_splatter_01
material,#mc/mtl_c_t8_zmb_dlc0_elephant_body_warpaint_evil
material,#wc/t7_decal_blood_puddles_01_dry
material,#mc/mtl_c_t8_zmb_dlc0_elephant_spikes_evil_husk
material,#mc/mtl_c_t8_zmb_dlc0_elephant_head_ear_right
material,#mc/mtl_p8_zm_zod_crafting_table_tool_glove_cloth_01
material,d#mc/mtl_c_t8_zmb_dlc0_male_head1_lod
material,#mc/mtl_c_t8_zmb_dlc0_elephant_head_tongue_husk
material,#mc/mtl_c_t8_zmb_dlc0_elephant_body_hand_left_bone_evil
material,d#mc/mtl_c_t8_zmb_dlc0_slave_rope
material,#mc/mtl_c_t8_zmb_dlc0_elephant_head_ear_right_gore
material,d#$default
material,#mc/mtl_c_t8_zmb_dlc0_elephant_body_tail_evil_husk
material,#mc/mtl_c_t8_zmb_dlc0_elephant_hanging_goo_right
material,#hash_7d9d9882d7347c14
material,#mc/mtl_c_t8_zmb_dlc0_elephant_heart_glow
material,#mc/mtl_c_t8_zmb_dlc0_elephant_head_husk
material,#mc/mtl_c_t8_zmb_dlc0_elephant_body_leg_right_bone_evil
impactsoundstable,d#phy_gibs
physpreset,d#gib_zombie
xmodel,#p8_zm_gla_corpse_pile_01_zombie_slouch_01
xmodel,d#c_t8_zmb_dlc0_zombie_male_body3_g_rarmoff
xmodel,#p8_zm_gla_corpse_pile_01_x_zombie2
xmodel,#c_t8_zmb_catalyst_fire_body
xmodel,#c_t8_zmb_dlc0_elephant_husk_body1
xmodel,#p8_zm_gla_corpse_pile_01_burnt1
xmodel,#hash_103ac7280c796c39
xmodel,#hash_103ac8280c796dec
xmodel,#hash_103ac9280c796f9f
xmodel,#p8_zm_gla_corpse_pile_01_human_barricade_03
xmodel,#p8_zm_gla_corpse_pile_01_human_barricade_02
xmodel,#p8_zm_gla_corpse_pile_01_human_barricade_01
xmodel,#hash_1d87a01f651d83ad
xmodel,d#c_t8_zmb_3rdclass_male_body1_g_upclean
xmodel,d#c_t8_zmb_3rdclass_male_head3
xmodel,d#c_t8_zmb_dlc0_zombie_male_body3_g_larmoff
xmodel,#p8_zm_gla_corpse_pile_01_x_zombie
xmodel,d#c_t8_zmb_dlc0_zombie_male_body3_g_upclean
xmodel,d#c_t8_zmb_dlc0_zombie_male_body3
xmodel,#p8_zm_gla_corpse_pile_01_slouch
xmodel,#hash_39a69488a01a2c57
xmodel,#c_t8_zmb_blightfather_body1_gib
xmodel,d#p7_gib_chunk_flesh_01
xmodel,d#p7_gib_chunk_flesh_03
xmodel,d#c_t8_zmb_3rdclass_male_body1
xmodel,d#p7_gib_chunk_bone_03
xmodel,#p7_skulls_bones_pile_02
xmodel,#p7_skulls_bones_pile_01
xmodel,#p8_zm_gla_corpse_pile_01_human_tower_01
xmodel,d#c_t8_zmb_3rdclass_male_body1_g_larmoff
xmodel,#p8_zm_gla_corpse_pile_01_human4
xmodel,#p8_zm_gla_corpse_pile_01_human1
xmodel,#p8_zm_gla_corpse_pile_01_human2
xmodel,#p8_zm_gla_corpse_pile_01_human3
xmodel,#c_t8_zmb_3rdclass_male_body1_split
xmodel,#p8_zm_gla_corpse_pile_01_human_slouch_02
xmodel,#p8_zm_gla_corpse_pile_01_human_slouch_03
xmodel,#p8_zm_gla_corpse_pile_01_human_slouch_01
xmodel,#hash_5636f5478a79113f
xmodel,#c_t8_zmb_dlc0_zombie_male_head3
xmodel,#c_t8_zmb_dlc0_elephant_body1_evil
xmodel,d#p7_gib_chunk_meat_01
xmodel,d#p7_gib_chunk_meat_02
xmodel,d#p7_gib_chunk_meat_03
xmodel,d#c_t8_zmb_3rdclass_male_body1_g_rarmoff
xmodel,#c_t8_zmb_dlc0_zombie_male_head3_skin2
xmodel,#c_t8_zmb_blightfather_body1
xmodel,#c_t8_zmb_dlc0_elephant_body1
xmodel,#p8_zm_gla_corpse_pile_01_x_human2
xmodel,#c_t8_zmb_3rdclass_male_body2_split
xmodel,#c_t8_zmb_dlc0_elephant_husk_body1_evil
material,#hash_15a6e9bf261dea13
material,#hash_6379f1fa73188a1c
xmodel,d#c_t8_zmb_3rdclass_male_body3_s_lleg
xmodel,#c_t8_zmb_catalyst_water_body
xmodel,#c_t8_zmb_catalyst_decay_body_noreveal
xmodel,d#c_t8_zmb_3rdclass_male_body3_s_rleg
xmodel,d#c_t8_zmb_3rdclass_male_body3_s_larm
xmodel,#c_t8_zmb_catalyst_decay_body
xmodel,d#c_t8_zmb_3rdclass_male_body3_s_rarm
xmodel,#c_t8_zmb_catalyst_electric_body
