#,#,,0,0,0
#camo_active_dlc1_masks_wrapper,#item_shop,3373223,280,0,3
#camo_active_dlc1_masks_wrapper,#item_shop,2373223,320,0,2
#camo_active_dlc1_masks_wrapper,#item_shop,1373223,500,1300000,1
#camo_active_dlc1_ww2_wrapper,#item_shop,3868993,280,1303,3
#camo_active_dlc1_ww2_wrapper,#item_shop,2868993,320,1303,2
#camo_active_dlc1_ww2_wrapper,#item_shop,1868993,360,1303,1
#loot_character_takeo_ofc,#item_shop,3284655,560,1851,3
#loot_character_takeo_ofc,#item_shop,2284655,640,1851,2
#loot_character_takeo_ofc,#item_shop,1284655,720,1851,1
#loot_emote_exotic_shared_blowing_bubbles,#item_shop,3103318,280,0,3
#loot_emote_exotic_shared_blowing_bubbles,#item_shop,2103318,320,0,2
#loot_emote_exotic_shared_blowing_bubbles,#item_shop,1103318,360,0,1
#loot_emote_exotic_shared_finger_spin,#item_shop,3798655,280,0,3
#loot_emote_exotic_shared_finger_spin,#item_shop,2798655,320,0,2
#loot_emote_exotic_shared_finger_spin,#item_shop,1798655,360,0,1
#loot_emote_exotic_shared_juggling,#item_shop,3400699,280,0,3
#loot_emote_exotic_shared_juggling,#item_shop,2400699,320,0,2
#loot_emote_exotic_shared_juggling,#item_shop,1400699,360,0,1
#hash_120362edb71547ef,#loot_stream,3810998,280,0,3
#hash_120362edb71547ef,#loot_stream,2810998,320,0,2
#hash_120362edb71547ef,#loot_stream,1810998,360,0,1
#loot_emote_exotic_shared_make_it_rain,#loot_stream,3858972,350,0,3
#loot_emote_exotic_shared_make_it_rain,#loot_stream,2858972,400,0,2
#loot_emote_exotic_shared_make_it_rain,#loot_stream,1858972,450,0,1
#hash_15dcf381051fb6aa,#loot_stream,3327375,350,0,3
#hash_15dcf381051fb6aa,#loot_stream,2327375,400,0,2
#hash_15dcf381051fb6aa,#loot_stream,1327375,450,0,1
#loot_emote_exotic_shared_stabby_banana,#item_shop,3212907,280,1116,3
#loot_emote_exotic_shared_stabby_banana,#item_shop,2212907,320,1116,2
#loot_emote_exotic_shared_stabby_banana,#item_shop,1212907,360,1116,1
#hash_3217f3be89603d86,#loot_stream,3135361,140,0,3
#hash_3217f3be89603d86,#loot_stream,2135361,160,0,2
#hash_3217f3be89603d86,#loot_stream,1135361,180,0,1
#loot_emote_shared_shush,#item_shop,3471455,140,0,3
#loot_emote_shared_shush,#item_shop,2471455,160,0,2
#loot_emote_shared_shush,#item_shop,1471455,180,0,1
#hash_19e5198281595bae,#loot_stream,3595438,140,0,3
#hash_19e5198281595bae,#loot_stream,2595438,160,0,2
#hash_19e5198281595bae,#loot_stream,1595438,180,0,1
#mastercraft_vampire_hunter,#item_shop,3285318,700,0,3
#mastercraft_vampire_hunter,#item_shop,2285318,800,0,2
#mastercraft_vampire_hunter,#item_shop,1285318,900,10000,1
#outfit_dotd_com1_bundle_ajax,#loot_stream,3718447,420,1184,3
#outfit_dotd_com1_bundle_ajax,#loot_stream,2718447,480,1184,2
#outfit_dotd_com1_bundle_ajax,#loot_stream,1718447,540,1184,1
#outfit_dotd_com1_bundle_battery,#loot_stream,3634057,420,1184,3
#outfit_dotd_com1_bundle_battery,#loot_stream,2634057,480,1184,2
#outfit_dotd_com1_bundle_battery,#loot_stream,1634057,540,1184,1
#outfit_dotd_com1_bundle_crash,#loot_stream,3171374,420,1184,3
#outfit_dotd_com1_bundle_crash,#loot_stream,2171374,480,1184,2
#outfit_dotd_com1_bundle_crash,#loot_stream,1171374,540,1184,1
#outfit_dotd_com1_bundle_firebreak,#loot_stream,3447182,420,1184,3
#outfit_dotd_com1_bundle_firebreak,#loot_stream,2447182,480,1184,2
#outfit_dotd_com1_bundle_firebreak,#loot_stream,1447182,540,1184,1
#outfit_dotd_com1_bundle_nomad,#loot_stream,3480329,420,1184,3
#outfit_dotd_com1_bundle_nomad,#loot_stream,2480329,480,1184,2
#outfit_dotd_com1_bundle_nomad,#loot_stream,1480329,540,1184,1
#outfit_dotd_com1_bundle_prophet,#loot_stream,3482183,420,1184,3
#outfit_dotd_com1_bundle_prophet,#loot_stream,2482183,480,1184,2
#outfit_dotd_com1_bundle_prophet,#loot_stream,1482183,540,1184,1
#outfit_dotd_com1_bundle_recon,#loot_stream,3795491,420,1184,3
#outfit_dotd_com1_bundle_recon,#loot_stream,2795491,480,1184,2
#outfit_dotd_com1_bundle_recon,#loot_stream,1795491,540,1184,1
#outfit_dotd_com1_bundle_ruin,#loot_stream,3451027,420,1184,3
#outfit_dotd_com1_bundle_ruin,#loot_stream,2451027,480,1184,2
#outfit_dotd_com1_bundle_ruin,#loot_stream,1451027,540,1184,1
#outfit_dotd_com1_bundle_seraph,#loot_stream,3932802,420,1184,3
#outfit_dotd_com1_bundle_seraph,#loot_stream,2932802,480,1184,2
#outfit_dotd_com1_bundle_seraph,#loot_stream,1932802,540,1184,1
#outfit_dotd_com1_bundle_torque,#loot_stream,3881501,420,1184,3
#outfit_dotd_com1_bundle_torque,#loot_stream,2881501,480,1184,2
#outfit_dotd_com1_bundle_torque,#loot_stream,1881501,540,1184,1
#outfit_dotd_exo2_bundle_ajax,#item_shop,3300700,420,1677,3
#outfit_dotd_exo2_bundle_ajax,#item_shop,2300700,480,1677,2
#outfit_dotd_exo2_bundle_ajax,#item_shop,1300700,540,1677,1
#outfit_dotd_exo2_bundle_battery,#item_shop,3729869,420,2568,3
#outfit_dotd_exo2_bundle_battery,#item_shop,2729869,480,2568,2
#outfit_dotd_exo2_bundle_battery,#item_shop,1729869,540,2568,1
#outfit_dotd_exo2_bundle_crash,#item_shop,3792727,420,985,3
#outfit_dotd_exo2_bundle_crash,#item_shop,2792727,480,985,2
#outfit_dotd_exo2_bundle_crash,#item_shop,1792727,540,985,1
#outfit_dotd_exo2_bundle_firebreak,#item_shop,3366396,420,1527,3
#outfit_dotd_exo2_bundle_firebreak,#item_shop,2366396,480,1527,2
#outfit_dotd_exo2_bundle_firebreak,#item_shop,1366396,540,1527,1
#outfit_dotd_exo2_bundle_nomad,#item_shop,3911418,420,1398,3
#outfit_dotd_exo2_bundle_nomad,#item_shop,2911418,480,1398,2
#outfit_dotd_exo2_bundle_nomad,#item_shop,1911418,540,1398,1
#outfit_dotd_exo2_bundle_prophet,#item_shop,3295999,420,1282,3
#outfit_dotd_exo2_bundle_prophet,#item_shop,2295999,480,1282,2
#outfit_dotd_exo2_bundle_prophet,#item_shop,1295999,540,1282,1
#outfit_dotd_exo2_bundle_recon,#item_shop,3218002,420,1332,3
#outfit_dotd_exo2_bundle_recon,#item_shop,2218002,480,1332,2
#outfit_dotd_exo2_bundle_recon,#item_shop,1218002,540,1332,1
#outfit_dotd_exo2_bundle_ruin,#item_shop,3294420,420,1339,3
#outfit_dotd_exo2_bundle_ruin,#item_shop,2294420,480,1339,2
#outfit_dotd_exo2_bundle_ruin,#item_shop,1294420,540,1339,1
#outfit_dotd_exo2_bundle_seraph,#item_shop,3354997,420,2601,3
#outfit_dotd_exo2_bundle_seraph,#item_shop,2354997,480,2601,2
#outfit_dotd_exo2_bundle_seraph,#item_shop,1354997,540,2601,1
#outfit_dotd_exo2_bundle_torque,#item_shop,3734196,420,1664,3
#outfit_dotd_exo2_bundle_torque,#item_shop,2734196,480,1664,2
#outfit_dotd_exo2_bundle_torque,#item_shop,1734196,540,1664,1
#outfit_flecktarn_base_pal_com6_ajax,#item_shop,3185892,70,0,3
#outfit_flecktarn_base_pal_com6_ajax,#item_shop,2185892,80,0,2
#outfit_flecktarn_base_pal_com6_ajax,#item_shop,1185892,90,0,1
#outfit_flecktarn_base_pal_com6_battery,#item_shop,3732328,70,0,3
#outfit_flecktarn_base_pal_com6_battery,#item_shop,2732328,80,0,2
#outfit_flecktarn_base_pal_com6_battery,#item_shop,1732328,90,0,1
#outfit_flecktarn_base_pal_com6_crash,#item_shop,3734165,70,0,3
#outfit_flecktarn_base_pal_com6_crash,#item_shop,2734165,80,0,2
#outfit_flecktarn_base_pal_com6_crash,#item_shop,1734165,90,0,1
#outfit_flecktarn_base_pal_com6_firebreak,#item_shop,3699378,70,0,3
#outfit_flecktarn_base_pal_com6_firebreak,#item_shop,2699378,80,0,2
#outfit_flecktarn_base_pal_com6_firebreak,#item_shop,1699378,90,0,1
#outfit_flecktarn_base_pal_com6_nomad,#item_shop,3669428,70,0,3
#outfit_flecktarn_base_pal_com6_nomad,#item_shop,2669428,80,0,2
#outfit_flecktarn_base_pal_com6_nomad,#item_shop,1669428,90,0,1
#outfit_flecktarn_base_pal_com6_prophet,#item_shop,3769411,70,0,3
#outfit_flecktarn_base_pal_com6_prophet,#item_shop,2769411,80,0,2
#outfit_flecktarn_base_pal_com6_prophet,#item_shop,1769411,90,0,1
#outfit_flecktarn_base_pal_com6_recon,#item_shop,3644100,70,0,3
#outfit_flecktarn_base_pal_com6_recon,#item_shop,2644100,80,0,2
#outfit_flecktarn_base_pal_com6_recon,#item_shop,1644100,90,0,1
#outfit_flecktarn_base_pal_com6_ruin,#item_shop,3038584,70,0,3
#outfit_flecktarn_base_pal_com6_ruin,#item_shop,2038584,80,0,2
#outfit_flecktarn_base_pal_com6_ruin,#item_shop,1038584,90,0,1
#outfit_flecktarn_base_pal_com6_seraph,#item_shop,3869563,70,0,3
#outfit_flecktarn_base_pal_com6_seraph,#item_shop,2869563,80,0,2
#outfit_flecktarn_base_pal_com6_seraph,#item_shop,1869563,90,0,1
#outfit_flecktarn_base_pal_com6_torque,#item_shop,3583131,70,0,3
#outfit_flecktarn_base_pal_com6_torque,#item_shop,2583131,80,0,2
#outfit_flecktarn_base_pal_com6_torque,#item_shop,1583131,90,0,1
#outfit_global_warpaint_bundle_boogie_man,#loot_stream,3406755,140,0,3
#outfit_global_warpaint_bundle_boogie_man,#loot_stream,2406755,160,0,2
#outfit_global_warpaint_bundle_boogie_man,#loot_stream,1406755,180,0,1
#hash_5846dbef22384970,#loot_stream,3555795,140,0,3
#hash_5846dbef22384970,#loot_stream,2555795,160,0,2
#hash_5846dbef22384970,#loot_stream,1555795,180,0,1
#outfit_global_warpaint_bundle_flaming_skull,#item_shop,3255038,175,0,3
#outfit_global_warpaint_bundle_flaming_skull,#item_shop,2255038,200,0,2
#outfit_global_warpaint_bundle_flaming_skull,#item_shop,1255038,225,0,1
#hash_7b09eb4236f04a4b,#loot_stream,3225456,140,0,3
#hash_7b09eb4236f04a4b,#loot_stream,2225456,160,0,2
#hash_7b09eb4236f04a4b,#loot_stream,1225456,180,0,1
#hash_53ed640749b6d5d1,#loot_stream,3831068,140,0,3
#hash_53ed640749b6d5d1,#loot_stream,2831068,160,0,2
#hash_53ed640749b6d5d1,#loot_stream,1831068,180,0,1
#hash_7300f9a5c885bd6f,#loot_stream,3765500,140,0,3
#hash_7300f9a5c885bd6f,#loot_stream,2765500,160,0,2
#hash_7300f9a5c885bd6f,#loot_stream,1765500,180,0,1
#hash_40403adda6f040aa,#item_shop,3784649,140,0,3
#hash_40403adda6f040aa,#item_shop,2784649,160,0,2
#hash_40403adda6f040aa,#item_shop,1784649,180,0,1
#hash_5548628ce10a3bee,#loot_stream,3405611,140,0,3
#hash_5548628ce10a3bee,#loot_stream,2405611,160,0,2
#hash_5548628ce10a3bee,#loot_stream,1405611,180,0,1
#hash_3901dab004da48aa,#loot_stream,3162126,140,0,3
#hash_3901dab004da48aa,#loot_stream,2162126,160,0,2
#hash_3901dab004da48aa,#loot_stream,1162126,180,0,1
#outfit_marauder_rare4_battery,#item_shop,3960738,140,0,3
#outfit_marauder_rare4_battery,#item_shop,2960738,160,0,2
#outfit_marauder_rare4_battery,#item_shop,1960738,180,0,1
#outfit_northern_lights_legendary1_ruin,#loot_stream,3530129,420,1644,3
#outfit_northern_lights_legendary1_ruin,#loot_stream,2530129,480,1644,2
#outfit_northern_lights_legendary1_ruin,#loot_stream,1530129,540,1644,1
#outfit_northern_lights_legendary2_zero,#loot_stream,3162779,420,1644,3
#outfit_northern_lights_legendary2_zero,#loot_stream,2162779,480,1644,2
#outfit_northern_lights_legendary2_zero,#loot_stream,1162779,540,1644,1
#outfit_northern_lights_legendary3_firebreak,#item_shop,3240245,420,2679,3
#outfit_northern_lights_legendary3_firebreak,#item_shop,2240245,480,2679,2
#outfit_northern_lights_legendary3_firebreak,#item_shop,1240245,540,2679,1
#outfit_snake_legendary1_nomad,#item_shop,3696556,280,1032,3
#outfit_snake_legendary1_nomad,#item_shop,2696556,320,1032,2
#outfit_snake_legendary1_nomad,#item_shop,1696556,360,1032,1
#outfit_snake_legendary1_zero,#item_shop,3127737,280,1117,3
#outfit_snake_legendary1_zero,#item_shop,2127737,320,1117,2
#outfit_snake_legendary1_zero,#item_shop,1127737,360,1117,1
#hash_5d86c6b9c3e89a72,#loot_stream,3853613,280,0,3
#hash_5d86c6b9c3e89a72,#loot_stream,2853613,320,0,2
#hash_5d86c6b9c3e89a72,#loot_stream,1853613,360,0,1
#hash_5d5612758d190cd3,#loot_stream,3910075,280,0,3
#hash_5d5612758d190cd3,#loot_stream,2910075,320,0,2
#hash_5d5612758d190cd3,#loot_stream,1910075,360,0,1
#hash_560126dd186e66aa,#loot_stream,3287129,280,0,3
#hash_560126dd186e66aa,#loot_stream,2287129,320,0,2
#hash_560126dd186e66aa,#loot_stream,1287129,360,0,1
#outfit_snake_legendary2_seraph,#item_shop,3846821,280,1006,3
#outfit_snake_legendary2_seraph,#item_shop,2846821,320,1006,2
#outfit_snake_legendary2_seraph,#item_shop,1846821,360,1006,1
#outfit_splinter_base_pal_com6_battery,#item_shop,3980183,140,0,3
#outfit_splinter_base_pal_com6_battery,#item_shop,2980183,160,0,2
#outfit_splinter_base_pal_com6_battery,#item_shop,1980183,180,0,1
#outfit_splinter_base_pal_com6_firebreak,#item_shop,3229568,140,0,3
#outfit_splinter_base_pal_com6_firebreak,#item_shop,2229568,160,0,2
#outfit_splinter_base_pal_com6_firebreak,#item_shop,1229568,180,0,1
#outfit_splinter_base_pal_com6_nomad,#item_shop,3303859,140,0,3
#outfit_splinter_base_pal_com6_nomad,#item_shop,2303859,160,0,2
#outfit_splinter_base_pal_com6_nomad,#item_shop,1303859,180,0,1
#outfit_splinter_base_pal_com6_recon,#item_shop,3032336,140,0,3
#outfit_splinter_base_pal_com6_recon,#item_shop,2032336,160,0,2
#outfit_splinter_base_pal_com6_recon,#item_shop,1032336,180,0,1
#outfit_splinter_base_pal_com6_ruin,#item_shop,3272522,140,0,3
#outfit_splinter_base_pal_com6_ruin,#item_shop,2272522,160,0,2
#outfit_splinter_base_pal_com6_ruin,#item_shop,1272522,180,0,1
#outfit_splinter_base_pal_com6_seraph,#item_shop,3352914,140,0,3
#outfit_splinter_base_pal_com6_seraph,#item_shop,2352914,160,0,2
#outfit_splinter_base_pal_com6_seraph,#item_shop,1352914,180,0,1
#outfit_splinter_base_pal_com6_torque,#item_shop,3068497,140,0,3
#outfit_splinter_base_pal_com6_torque,#item_shop,2068497,160,0,2
#outfit_splinter_base_pal_com6_torque,#item_shop,1068497,180,0,1
#outfit_tigerstripe_base_pal_com6_ajax,#item_shop,3483700,140,0,3
#outfit_tigerstripe_base_pal_com6_ajax,#item_shop,2483700,160,0,2
#outfit_tigerstripe_base_pal_com6_ajax,#item_shop,1483700,180,0,1
#outfit_tigerstripe_base_pal_com6_battery,#item_shop,3263080,140,0,3
#outfit_tigerstripe_base_pal_com6_battery,#item_shop,2263080,160,0,2
#outfit_tigerstripe_base_pal_com6_battery,#item_shop,1263080,180,0,1
#outfit_tigerstripe_base_pal_com6_crash,#item_shop,3004979,140,0,3
#outfit_tigerstripe_base_pal_com6_crash,#item_shop,2004979,160,0,2
#outfit_tigerstripe_base_pal_com6_crash,#item_shop,1004979,180,0,1
#outfit_tigerstripe_base_pal_com6_firebreak,#item_shop,3214038,140,0,3
#outfit_tigerstripe_base_pal_com6_firebreak,#item_shop,2214038,160,0,2
#outfit_tigerstripe_base_pal_com6_firebreak,#item_shop,1214038,180,0,1
#outfit_tigerstripe_base_pal_com6_nomad,#item_shop,3739977,140,0,3
#outfit_tigerstripe_base_pal_com6_nomad,#item_shop,2739977,160,0,2
#outfit_tigerstripe_base_pal_com6_nomad,#item_shop,1739977,180,0,1
#outfit_tigerstripe_base_pal_com6_prophet,#item_shop,3747644,140,0,3
#outfit_tigerstripe_base_pal_com6_prophet,#item_shop,2747644,160,0,2
#outfit_tigerstripe_base_pal_com6_prophet,#item_shop,1747644,180,0,1
#outfit_tigerstripe_base_pal_com6_recon,#item_shop,3652043,140,0,3
#outfit_tigerstripe_base_pal_com6_recon,#item_shop,2652043,160,0,2
#outfit_tigerstripe_base_pal_com6_recon,#item_shop,1652043,180,0,1
#outfit_tigerstripe_base_pal_com6_ruin,#item_shop,3942475,140,0,3
#outfit_tigerstripe_base_pal_com6_ruin,#item_shop,2942475,160,0,2
#outfit_tigerstripe_base_pal_com6_ruin,#item_shop,1942475,180,0,1
#outfit_tigerstripe_base_pal_com6_seraph,#item_shop,3541404,140,1043,3
#outfit_tigerstripe_base_pal_com6_seraph,#item_shop,2541404,160,1043,2
#outfit_tigerstripe_base_pal_com6_seraph,#item_shop,1541404,180,1043,1
#outfit_tigerstripe_base_pal_com6_torque,#item_shop,3257200,140,0,3
#outfit_tigerstripe_base_pal_com6_torque,#item_shop,2257200,160,0,2
#outfit_tigerstripe_base_pal_com6_torque,#item_shop,1257200,180,0,1
#outfit_warrior_base_pal_exo1_battery,#item_shop,3849642,560,0,3
#outfit_warrior_base_pal_exo1_battery,#item_shop,2849642,640,0,2
#outfit_warrior_base_pal_exo1_battery,#item_shop,1849642,720,0,1
#hash_1fc7c00cb89ba122,#loot_stream,3405967,560,1118,3
#hash_1fc7c00cb89ba122,#loot_stream,2405967,640,1118,2
#hash_1fc7c00cb89ba122,#loot_stream,1405967,720,1118,1
#hash_599d78abfcb87c78,#loot_stream,3458687,560,1118,3
#hash_599d78abfcb87c78,#loot_stream,2458687,640,1118,2
#hash_599d78abfcb87c78,#loot_stream,1458687,720,1118,1
#outfit_warrior_com1_bundle_ajax,#loot_stream,3529236,560,1118,3
#outfit_warrior_com1_bundle_ajax,#loot_stream,2529236,640,1118,2
#outfit_warrior_com1_bundle_ajax,#loot_stream,1529236,720,1118,1
#outfit_warrior_com1_bundle_battery,#loot_stream,3662167,560,1118,3
#outfit_warrior_com1_bundle_battery,#loot_stream,2662167,640,1118,2
#outfit_warrior_com1_bundle_battery,#loot_stream,1662167,720,1118,1
#outfit_warrior_com1_bundle_recon,#loot_stream,3579915,560,1118,3
#outfit_warrior_com1_bundle_recon,#loot_stream,2579915,640,1118,2
#outfit_warrior_com1_bundle_recon,#loot_stream,1579915,720,1118,1
#outfit_warrior_com1_bundle_ruin,#loot_stream,3851463,560,1118,3
#outfit_warrior_com1_bundle_ruin,#loot_stream,2851463,640,1118,2
#outfit_warrior_com1_bundle_ruin,#loot_stream,1851463,720,1118,1
#outfit_warrior_com1_bundle_seraph,#loot_stream,3480745,560,1118,3
#outfit_warrior_com1_bundle_seraph,#loot_stream,2480745,640,1118,2
#outfit_warrior_com1_bundle_seraph,#loot_stream,1480745,720,1118,1
#outfit_warrior_com1_bundle_torque,#loot_stream,3061459,560,1118,3
#outfit_warrior_com1_bundle_torque,#loot_stream,2061459,640,1118,2
#outfit_warrior_com1_bundle_torque,#loot_stream,1061459,720,1118,1
#outfit_warrior_epic1_crash,#item_shop,3205283,560,2494,3
#outfit_warrior_epic1_crash,#item_shop,2205283,640,2494,2
#outfit_warrior_epic1_crash,#item_shop,1205283,720,2494,1
#outfit_warrior_epic1_prophet,#item_shop,3534910,560,1344,3
#outfit_warrior_epic1_prophet,#item_shop,2534910,640,1344,2
#outfit_warrior_epic1_prophet,#item_shop,1534910,720,1344,1
#hash_50e9c5776a3ea79f,#loot_stream,3598113,560,1118,3
#hash_50e9c5776a3ea79f,#loot_stream,2598113,640,1118,2
#hash_50e9c5776a3ea79f,#loot_stream,1598113,720,1118,1
#hash_798d344dd9074c31,#loot_stream,3584367,560,1118,3
#hash_798d344dd9074c31,#loot_stream,2584367,640,1118,2
#hash_798d344dd9074c31,#loot_stream,1584367,720,1118,1
#outfit_warrior_epic2_zero,#item_shop,3012900,560,1289,3
#outfit_warrior_epic2_zero,#item_shop,2012900,640,1289,2
#outfit_warrior_epic2_zero,#item_shop,1012900,720,1289,1
#camo_active_sig_tr_midburst_bomber_base,#loot_stream,1640460,1000,0,1
#abr_3_crates,#item_shop,1123898,1600,0,1
#abr_5_crates,#item_shop,1186962,2000,0,1
#abr_8_crates,#item_shop,1163052,2000,50000,1
#hash_3075688a5007f00,#item_shop,1373109,300,0,1
#hash_3075688a5007f00,#item_shop,2373109,400,0,2
#hash_3075688a5007f00,#item_shop,3373109,500,0,3
#hash_2ee6d9e68e4aba01,#item_shop,1090974,400,1000,1
#hash_2ee6d9e68e4aba01,#item_shop,2090974,500,0,2
#hash_2ee6d9e68e4aba01,#item_shop,3090974,600,0,3
#loot_contract_ajax_muertos,#special_order,1943942,480,807,1
#loot_contract_ajax_muertos,#special_order,2943942,500,807,2
#loot_contract_ajax_muertos,#special_order,3943942,600,807,3
#loot_contract_battery_muertos,#special_order,1519612,400,807,1
#loot_contract_battery_muertos,#special_order,2519612,500,807,2
#loot_contract_battery_muertos,#special_order,3519612,600,807,3
#loot_contract_crash_muertos,#special_order,1406463,490,807,1
#loot_contract_crash_muertos,#special_order,2406463,500,807,2
#loot_contract_crash_muertos,#special_order,3406463,600,807,3
#loot_contract_firebreak_muertos,#special_order,1573245,400,807,1
#loot_contract_firebreak_muertos,#special_order,2573245,500,807,2
#loot_contract_firebreak_muertos,#special_order,3573245,600,807,3
#loot_contract_nomad_muertos,#special_order,1518581,480,807,1
#loot_contract_nomad_muertos,#special_order,2518581,500,807,2
#loot_contract_nomad_muertos,#special_order,3518581,600,807,3
#loot_contract_prophet_muertos,#special_order,1220241,490,807,1
#loot_contract_prophet_muertos,#special_order,2220241,500,807,2
#loot_contract_prophet_muertos,#special_order,3220241,600,807,3
#loot_contract_recon_muertos,#special_order,1255337,480,807,1
#loot_contract_recon_muertos,#special_order,2255337,500,807,2
#loot_contract_recon_muertos,#special_order,3255337,600,807,3
#loot_contract_ruin_muertos,#special_order,1573672,400,807,1
#loot_contract_ruin_muertos,#special_order,2573672,500,807,2
#loot_contract_ruin_muertos,#special_order,3573672,600,807,3
#loot_contract_seraph_muertos,#special_order,1617121,480,807,1
#loot_contract_seraph_muertos,#special_order,2617121,500,807,2
#loot_contract_seraph_muertos,#special_order,3617121,600,807,3
#loot_contract_torque_muertos,#special_order,1446502,490,807,1
#loot_contract_torque_muertos,#special_order,2446502,500,807,2
#loot_contract_torque_muertos,#special_order,3446502,600,807,3
#loot_contract_recon_samurai,#special_order,1088436,580,2202,1
#loot_contract_recon_samurai,#special_order,2088436,600,2202,2
#loot_contract_recon_samurai,#special_order,3088436,800,2202,3
#loot_contract_ruin_modern_viking,#special_order,1424760,580,2202,1
#loot_contract_ruin_modern_viking,#special_order,2424760,600,2202,2
#loot_contract_ruin_modern_viking,#special_order,3424760,800,2202,3
#loot_contract_seraph_crimson_lotus,#special_order,1257893,500,2202,1
#loot_contract_seraph_crimson_lotus,#special_order,2257893,600,2202,2
#loot_contract_seraph_crimson_lotus,#special_order,3257893,800,2202,3
#loot_contract_torque_highlander,#special_order,1366927,600,2202,1
#loot_contract_torque_highlander,#special_order,2366927,800,2202,2
#loot_contract_crash_cop,#special_order,3444031,600,2203,3
#loot_contract_crash_cop,#special_order,1444031,700,2203,1
#loot_contract_crash_cop,#special_order,2444031,800,2203,2
#loot_contract_nomad_heist,#special_order,3365499,600,2203,3
#loot_contract_nomad_heist,#special_order,1365499,700,2203,1
#loot_contract_nomad_heist,#special_order,2365499,800,2203,2
#loot_contract_seraph_cop,#special_order,3913949,600,2203,3
#loot_contract_seraph_cop,#special_order,1913949,700,2203,1
#loot_contract_seraph_cop,#special_order,2913949,800,2203,2
#loot_contract_torque_highlander,#special_order,3366927,500,2203,3
#loot_contract_zero_cyberpunk,#special_order,1404466,500,2458,1
#loot_contract_zero_cyberpunk,#special_order,2404466,600,2458,2
#loot_contract_zero_cyberpunk,#special_order,3404466,700,2458,3
#loot_contract_richtofen,#special_order,1781759,500,2694,1
#loot_contract_richtofen,#special_order,2781759,580,2694,2
#loot_contract_richtofen,#special_order,3781759,600,2694,3
#abr_8_crates,#item_shop,2163052,2400,0,2
#camo_active_dlc1_masks_wrapper_2crates,#item_shop,1313999,800,0,1
#camo_active_dlc1_masks_wrapper_4crates,#item_shop,1833374,800,0,1
#camo_active_dlc1_masks_wrapper_4crates_type2,#item_shop,1075158,1200,0,1
#camo_active_dlc1_masks_wrapper_6crates,#item_shop,1755731,1200,0,1