#,#,,0,0,0
#camo_active_dlc1_masks_wrapper,#hash_731315ef3fb1ae07,3373223,280,0,3
#camo_active_dlc1_masks_wrapper,#hash_731315ef3fb1ae07,2373223,320,0,2
#camo_active_dlc1_masks_wrapper,#hash_731315ef3fb1ae07,1373223,500,1300000,1
#camo_active_dlc1_ww2_wrapper,#hash_731315ef3fb1ae07,3868993,280,1303,3
#camo_active_dlc1_ww2_wrapper,#hash_731315ef3fb1ae07,2868993,320,1303,2
#camo_active_dlc1_ww2_wrapper,#hash_731315ef3fb1ae07,1868993,360,1303,1
#loot_character_takeo_ofc,#hash_731315ef3fb1ae07,3284655,560,1851,3
#loot_character_takeo_ofc,#hash_731315ef3fb1ae07,2284655,640,1851,2
#loot_character_takeo_ofc,#hash_731315ef3fb1ae07,1284655,720,1851,1
#hash_323226006eb23dea,#hash_731315ef3fb1ae07,3103318,280,0,3
#hash_323226006eb23dea,#hash_731315ef3fb1ae07,2103318,320,0,2
#hash_323226006eb23dea,#hash_731315ef3fb1ae07,1103318,360,0,1
#hash_1758f578d1ea9a58,#hash_731315ef3fb1ae07,3798655,280,0,3
#hash_1758f578d1ea9a58,#hash_731315ef3fb1ae07,2798655,320,0,2
#hash_1758f578d1ea9a58,#hash_731315ef3fb1ae07,1798655,360,0,1
#hash_3dbdc54aae236b01,#hash_731315ef3fb1ae07,3400699,280,0,3
#hash_3dbdc54aae236b01,#hash_731315ef3fb1ae07,2400699,320,0,2
#hash_3dbdc54aae236b01,#hash_731315ef3fb1ae07,1400699,360,0,1
#hash_120362edb71547ef,#loot_stream,3810998,280,0,3
#hash_120362edb71547ef,#loot_stream,2810998,320,0,2
#hash_120362edb71547ef,#loot_stream,1810998,360,0,1
#hash_61bc88f336591d1f,#loot_stream,3858972,350,0,3
#hash_61bc88f336591d1f,#loot_stream,2858972,400,0,2
#hash_61bc88f336591d1f,#loot_stream,1858972,450,0,1
#hash_15dcf381051fb6aa,#loot_stream,3327375,350,0,3
#hash_15dcf381051fb6aa,#loot_stream,2327375,400,0,2
#hash_15dcf381051fb6aa,#loot_stream,1327375,450,0,1
#loot_emote_exotic_shared_stabby_banana,#hash_731315ef3fb1ae07,3212907,280,1116,3
#loot_emote_exotic_shared_stabby_banana,#hash_731315ef3fb1ae07,2212907,320,1116,2
#loot_emote_exotic_shared_stabby_banana,#hash_731315ef3fb1ae07,1212907,360,1116,1
#hash_3217f3be89603d86,#loot_stream,3135361,140,0,3
#hash_3217f3be89603d86,#loot_stream,2135361,160,0,2
#hash_3217f3be89603d86,#loot_stream,1135361,180,0,1
#hash_35dbefe5d057a66e,#hash_731315ef3fb1ae07,3471455,140,0,3
#hash_35dbefe5d057a66e,#hash_731315ef3fb1ae07,2471455,160,0,2
#hash_35dbefe5d057a66e,#hash_731315ef3fb1ae07,1471455,180,0,1
#hash_19e5198281595bae,#loot_stream,3595438,140,0,3
#hash_19e5198281595bae,#loot_stream,2595438,160,0,2
#hash_19e5198281595bae,#loot_stream,1595438,180,0,1
#mastercraft_vampire_hunter,#hash_731315ef3fb1ae07,3285318,700,0,3
#mastercraft_vampire_hunter,#hash_731315ef3fb1ae07,2285318,800,0,2
#mastercraft_vampire_hunter,#hash_731315ef3fb1ae07,1285318,900,10000,1
#hash_28399c5e82e515e7,#loot_stream,3718447,420,1184,3
#hash_28399c5e82e515e7,#loot_stream,2718447,480,1184,2
#hash_28399c5e82e515e7,#loot_stream,1718447,540,1184,1
#hash_5bea753e335ece82,#loot_stream,3634057,420,1184,3
#hash_5bea753e335ece82,#loot_stream,2634057,480,1184,2
#hash_5bea753e335ece82,#loot_stream,1634057,540,1184,1
#hash_5a14125378366e14,#loot_stream,3171374,420,1184,3
#hash_5a14125378366e14,#loot_stream,2171374,480,1184,2
#hash_5a14125378366e14,#loot_stream,1171374,540,1184,1
#hash_51bac6df93e33e0,#loot_stream,3447182,420,1184,3
#hash_51bac6df93e33e0,#loot_stream,2447182,480,1184,2
#hash_51bac6df93e33e0,#loot_stream,1447182,540,1184,1
#hash_2b9b429e4b855f84,#loot_stream,3480329,420,1184,3
#hash_2b9b429e4b855f84,#loot_stream,2480329,480,1184,2
#hash_2b9b429e4b855f84,#loot_stream,1480329,540,1184,1
#hash_27585d4f8216dbc5,#loot_stream,3482183,420,1184,3
#hash_27585d4f8216dbc5,#loot_stream,2482183,480,1184,2
#hash_27585d4f8216dbc5,#loot_stream,1482183,540,1184,1
#hash_4ece7e76c88562d8,#loot_stream,3795491,420,1184,3
#hash_4ece7e76c88562d8,#loot_stream,2795491,480,1184,2
#hash_4ece7e76c88562d8,#loot_stream,1795491,540,1184,1
#hash_4af16cee5049c3c3,#loot_stream,3451027,420,1184,3
#hash_4af16cee5049c3c3,#loot_stream,2451027,480,1184,2
#hash_4af16cee5049c3c3,#loot_stream,1451027,540,1184,1
#hash_7acbec8d176d9790,#loot_stream,3932802,420,1184,3
#hash_7acbec8d176d9790,#loot_stream,2932802,480,1184,2
#hash_7acbec8d176d9790,#loot_stream,1932802,540,1184,1
#hash_34bc902d2d45c7b7,#loot_stream,3881501,420,1184,3
#hash_34bc902d2d45c7b7,#loot_stream,2881501,480,1184,2
#hash_34bc902d2d45c7b7,#loot_stream,1881501,540,1184,1
#hash_84d8bfdb82b4817,#hash_731315ef3fb1ae07,3300700,420,1677,3
#hash_84d8bfdb82b4817,#hash_731315ef3fb1ae07,2300700,480,1677,2
#hash_84d8bfdb82b4817,#hash_731315ef3fb1ae07,1300700,540,1677,1
#hash_20662201ff1176b2,#hash_731315ef3fb1ae07,3729869,420,2568,3
#hash_20662201ff1176b2,#hash_731315ef3fb1ae07,2729869,480,2568,2
#hash_20662201ff1176b2,#hash_731315ef3fb1ae07,1729869,540,2568,1
#hash_367ab528e51f4384,#hash_731315ef3fb1ae07,3792727,420,985,3
#hash_367ab528e51f4384,#hash_731315ef3fb1ae07,2792727,480,985,2
#hash_367ab528e51f4384,#hash_731315ef3fb1ae07,1792727,540,985,1
#hash_77b56714629edc50,#hash_731315ef3fb1ae07,3366396,420,1527,3
#hash_77b56714629edc50,#hash_731315ef3fb1ae07,2366396,480,1527,2
#hash_77b56714629edc50,#hash_731315ef3fb1ae07,1366396,540,1527,1
#hash_5b26468ef2e98b4,#hash_731315ef3fb1ae07,3911418,420,1398,3
#hash_5b26468ef2e98b4,#hash_731315ef3fb1ae07,2911418,480,1398,2
#hash_5b26468ef2e98b4,#hash_731315ef3fb1ae07,1911418,540,1398,1
#hash_3d522fd3d8cee3b5,#hash_731315ef3fb1ae07,3295999,420,1282,3
#hash_3d522fd3d8cee3b5,#hash_731315ef3fb1ae07,2295999,480,1282,2
#hash_3d522fd3d8cee3b5,#hash_731315ef3fb1ae07,1295999,540,1282,1
#hash_3d6d47a6a38b7968,#hash_731315ef3fb1ae07,3218002,420,1332,3
#hash_3d6d47a6a38b7968,#hash_731315ef3fb1ae07,2218002,480,1332,2
#hash_3d6d47a6a38b7968,#hash_731315ef3fb1ae07,1218002,540,1332,1
#hash_6c6c1d9dd42aae13,#hash_731315ef3fb1ae07,3294420,420,1339,3
#hash_6c6c1d9dd42aae13,#hash_731315ef3fb1ae07,2294420,480,1339,2
#hash_6c6c1d9dd42aae13,#hash_731315ef3fb1ae07,1294420,540,1339,1
#hash_73efef6cf46ec080,#hash_731315ef3fb1ae07,3354997,420,2601,3
#hash_73efef6cf46ec080,#hash_731315ef3fb1ae07,2354997,480,2601,2
#hash_73efef6cf46ec080,#hash_731315ef3fb1ae07,1354997,540,2601,1
#hash_4152b311548cfc07,#hash_731315ef3fb1ae07,3734196,420,1664,3
#hash_4152b311548cfc07,#hash_731315ef3fb1ae07,2734196,480,1664,2
#hash_4152b311548cfc07,#hash_731315ef3fb1ae07,1734196,540,1664,1
#hash_7cd5d0326cd5827a,#hash_731315ef3fb1ae07,3185892,70,0,3
#hash_7cd5d0326cd5827a,#hash_731315ef3fb1ae07,2185892,80,0,2
#hash_7cd5d0326cd5827a,#hash_731315ef3fb1ae07,1185892,90,0,1
#hash_626522c4a5c43965,#hash_731315ef3fb1ae07,3732328,70,0,3
#hash_626522c4a5c43965,#hash_731315ef3fb1ae07,2732328,80,0,2
#hash_626522c4a5c43965,#hash_731315ef3fb1ae07,1732328,90,0,1
#hash_377d00ee90e143bb,#hash_731315ef3fb1ae07,3734165,70,0,3
#hash_377d00ee90e143bb,#hash_731315ef3fb1ae07,2734165,80,0,2
#hash_377d00ee90e143bb,#hash_731315ef3fb1ae07,1734165,90,0,1
#hash_613752bacd9aea6b,#hash_731315ef3fb1ae07,3699378,70,0,3
#hash_613752bacd9aea6b,#hash_731315ef3fb1ae07,2699378,80,0,2
#hash_613752bacd9aea6b,#hash_731315ef3fb1ae07,1699378,90,0,1
#hash_10a410e24b5c0d5b,#hash_731315ef3fb1ae07,3669428,70,0,3
#hash_10a410e24b5c0d5b,#hash_731315ef3fb1ae07,2669428,80,0,2
#hash_10a410e24b5c0d5b,#hash_731315ef3fb1ae07,1669428,90,0,1
#hash_7d8a317091420c22,#hash_731315ef3fb1ae07,3769411,70,0,3
#hash_7d8a317091420c22,#hash_731315ef3fb1ae07,2769411,80,0,2
#hash_7d8a317091420c22,#hash_731315ef3fb1ae07,1769411,90,0,1
#hash_277a166bfc30bbdf,#hash_731315ef3fb1ae07,3644100,70,0,3
#hash_277a166bfc30bbdf,#hash_731315ef3fb1ae07,2644100,80,0,2
#hash_277a166bfc30bbdf,#hash_731315ef3fb1ae07,1644100,90,0,1
#hash_50ff3eb5351149d2,#hash_731315ef3fb1ae07,3038584,70,0,3
#hash_50ff3eb5351149d2,#hash_731315ef3fb1ae07,2038584,80,0,2
#hash_50ff3eb5351149d2,#hash_731315ef3fb1ae07,1038584,90,0,1
#hash_509eea9fbe1dc201,#hash_731315ef3fb1ae07,3869563,70,0,3
#hash_509eea9fbe1dc201,#hash_731315ef3fb1ae07,2869563,80,0,2
#hash_509eea9fbe1dc201,#hash_731315ef3fb1ae07,1869563,90,0,1
#hash_170e913b2c9e5236,#hash_731315ef3fb1ae07,3583131,70,0,3
#hash_170e913b2c9e5236,#hash_731315ef3fb1ae07,2583131,80,0,2
#hash_170e913b2c9e5236,#hash_731315ef3fb1ae07,1583131,90,0,1
#hash_74dc4960f373fe79,#loot_stream,3406755,140,0,3
#hash_74dc4960f373fe79,#loot_stream,2406755,160,0,2
#hash_74dc4960f373fe79,#loot_stream,1406755,180,0,1
#hash_5846dbef22384970,#loot_stream,3555795,140,0,3
#hash_5846dbef22384970,#loot_stream,2555795,160,0,2
#hash_5846dbef22384970,#loot_stream,1555795,180,0,1
#outfit_global_warpaint_bundle_flaming_skull,#hash_731315ef3fb1ae07,3255038,175,0,3
#outfit_global_warpaint_bundle_flaming_skull,#hash_731315ef3fb1ae07,2255038,200,0,2
#outfit_global_warpaint_bundle_flaming_skull,#hash_731315ef3fb1ae07,1255038,225,0,1
#hash_7b09eb4236f04a4b,#loot_stream,3225456,140,0,3
#hash_7b09eb4236f04a4b,#loot_stream,2225456,160,0,2
#hash_7b09eb4236f04a4b,#loot_stream,1225456,180,0,1
#hash_53ed640749b6d5d1,#loot_stream,3831068,140,0,3
#hash_53ed640749b6d5d1,#loot_stream,2831068,160,0,2
#hash_53ed640749b6d5d1,#loot_stream,1831068,180,0,1
#hash_7300f9a5c885bd6f,#loot_stream,3765500,140,0,3
#hash_7300f9a5c885bd6f,#loot_stream,2765500,160,0,2
#hash_7300f9a5c885bd6f,#loot_stream,1765500,180,0,1
#hash_40403adda6f040aa,#hash_731315ef3fb1ae07,3784649,140,0,3
#hash_40403adda6f040aa,#hash_731315ef3fb1ae07,2784649,160,0,2
#hash_40403adda6f040aa,#hash_731315ef3fb1ae07,1784649,180,0,1
#hash_5548628ce10a3bee,#loot_stream,3405611,140,0,3
#hash_5548628ce10a3bee,#loot_stream,2405611,160,0,2
#hash_5548628ce10a3bee,#loot_stream,1405611,180,0,1
#hash_3901dab004da48aa,#loot_stream,3162126,140,0,3
#hash_3901dab004da48aa,#loot_stream,2162126,160,0,2
#hash_3901dab004da48aa,#loot_stream,1162126,180,0,1
#outfit_marauder_rare4_battery,#hash_731315ef3fb1ae07,3960738,140,0,3
#outfit_marauder_rare4_battery,#hash_731315ef3fb1ae07,2960738,160,0,2
#outfit_marauder_rare4_battery,#hash_731315ef3fb1ae07,1960738,180,0,1
#hash_66b5134cfd603ecb,#loot_stream,3530129,420,1644,3
#hash_66b5134cfd603ecb,#loot_stream,2530129,480,1644,2
#hash_66b5134cfd603ecb,#loot_stream,1530129,540,1644,1
#hash_179f84bcadefba24,#loot_stream,3162779,420,1644,3
#hash_179f84bcadefba24,#loot_stream,2162779,480,1644,2
#hash_179f84bcadefba24,#loot_stream,1162779,540,1644,1
#outfit_northern_lights_legendary3_firebreak,#hash_731315ef3fb1ae07,3240245,420,2679,3
#outfit_northern_lights_legendary3_firebreak,#hash_731315ef3fb1ae07,2240245,480,2679,2
#outfit_northern_lights_legendary3_firebreak,#hash_731315ef3fb1ae07,1240245,540,2679,1
#hash_20f95c6d4e3de376,#hash_731315ef3fb1ae07,3696556,280,1032,3
#hash_20f95c6d4e3de376,#hash_731315ef3fb1ae07,2696556,320,1032,2
#hash_20f95c6d4e3de376,#hash_731315ef3fb1ae07,1696556,360,1032,1
#outfit_snake_legendary1_zero,#hash_731315ef3fb1ae07,3127737,280,1117,3
#outfit_snake_legendary1_zero,#hash_731315ef3fb1ae07,2127737,320,1117,2
#outfit_snake_legendary1_zero,#hash_731315ef3fb1ae07,1127737,360,1117,1
#hash_5d86c6b9c3e89a72,#loot_stream,3853613,280,0,3
#hash_5d86c6b9c3e89a72,#loot_stream,2853613,320,0,2
#hash_5d86c6b9c3e89a72,#loot_stream,1853613,360,0,1
#hash_5d5612758d190cd3,#loot_stream,3910075,280,0,3
#hash_5d5612758d190cd3,#loot_stream,2910075,320,0,2
#hash_5d5612758d190cd3,#loot_stream,1910075,360,0,1
#hash_560126dd186e66aa,#loot_stream,3287129,280,0,3
#hash_560126dd186e66aa,#loot_stream,2287129,320,0,2
#hash_560126dd186e66aa,#loot_stream,1287129,360,0,1
#outfit_snake_legendary2_seraph,#hash_731315ef3fb1ae07,3846821,280,1006,3
#outfit_snake_legendary2_seraph,#hash_731315ef3fb1ae07,2846821,320,1006,2
#outfit_snake_legendary2_seraph,#hash_731315ef3fb1ae07,1846821,360,1006,1
#hash_6c730791caa1dbf2,#hash_731315ef3fb1ae07,3980183,140,0,3
#hash_6c730791caa1dbf2,#hash_731315ef3fb1ae07,2980183,160,0,2
#hash_6c730791caa1dbf2,#hash_731315ef3fb1ae07,1980183,180,0,1
#hash_2165325caa8db390,#hash_731315ef3fb1ae07,3229568,140,0,3
#hash_2165325caa8db390,#hash_731315ef3fb1ae07,2229568,160,0,2
#hash_2165325caa8db390,#hash_731315ef3fb1ae07,1229568,180,0,1
#hash_6be20071fc6b9f4,#hash_731315ef3fb1ae07,3303859,140,0,3
#hash_6be20071fc6b9f4,#hash_731315ef3fb1ae07,2303859,160,0,2
#hash_6be20071fc6b9f4,#hash_731315ef3fb1ae07,1303859,180,0,1
#hash_67f40349bc2245a8,#hash_731315ef3fb1ae07,3032336,140,0,3
#hash_67f40349bc2245a8,#hash_731315ef3fb1ae07,2032336,160,0,2
#hash_67f40349bc2245a8,#hash_731315ef3fb1ae07,1032336,180,0,1
#hash_381452926c1ce853,#hash_731315ef3fb1ae07,3272522,140,0,3
#hash_381452926c1ce853,#hash_731315ef3fb1ae07,2272522,160,0,2
#hash_381452926c1ce853,#hash_731315ef3fb1ae07,1272522,180,0,1
#hash_5869a7b1ee5bd1c0,#hash_731315ef3fb1ae07,3352914,140,0,3
#hash_5869a7b1ee5bd1c0,#hash_731315ef3fb1ae07,2352914,160,0,2
#hash_5869a7b1ee5bd1c0,#hash_731315ef3fb1ae07,1352914,180,0,1
#hash_25cb6b564e785a47,#hash_731315ef3fb1ae07,3068497,140,0,3
#hash_25cb6b564e785a47,#hash_731315ef3fb1ae07,2068497,160,0,2
#hash_25cb6b564e785a47,#hash_731315ef3fb1ae07,1068497,180,0,1
#hash_131bb35d63a82bf4,#hash_731315ef3fb1ae07,3483700,140,0,3
#hash_131bb35d63a82bf4,#hash_731315ef3fb1ae07,2483700,160,0,2
#hash_131bb35d63a82bf4,#hash_731315ef3fb1ae07,1483700,180,0,1
#hash_36c7d4346f23901f,#hash_731315ef3fb1ae07,3263080,140,0,3
#hash_36c7d4346f23901f,#hash_731315ef3fb1ae07,2263080,160,0,2
#hash_36c7d4346f23901f,#hash_731315ef3fb1ae07,1263080,180,0,1
#hash_5c5235699b154d81,#hash_731315ef3fb1ae07,3004979,140,0,3
#hash_5c5235699b154d81,#hash_731315ef3fb1ae07,2004979,160,0,2
#hash_5c5235699b154d81,#hash_731315ef3fb1ae07,1004979,180,0,1
#hash_29770201f1a4d071,#hash_731315ef3fb1ae07,3214038,140,0,3
#hash_29770201f1a4d071,#hash_731315ef3fb1ae07,2214038,160,0,2
#hash_29770201f1a4d071,#hash_731315ef3fb1ae07,1214038,180,0,1
#hash_714f1c541788e2ad,#hash_731315ef3fb1ae07,3739977,140,0,3
#hash_714f1c541788e2ad,#hash_731315ef3fb1ae07,2739977,160,0,2
#hash_714f1c541788e2ad,#hash_731315ef3fb1ae07,1739977,180,0,1
#hash_70d3aa8da1488644,#hash_731315ef3fb1ae07,3747644,140,0,3
#hash_70d3aa8da1488644,#hash_731315ef3fb1ae07,2747644,160,0,2
#hash_70d3aa8da1488644,#hash_731315ef3fb1ae07,1747644,180,0,1
#hash_2ae898f2be2bd3e1,#hash_731315ef3fb1ae07,3652043,140,0,3
#hash_2ae898f2be2bd3e1,#hash_731315ef3fb1ae07,2652043,160,0,2
#hash_2ae898f2be2bd3e1,#hash_731315ef3fb1ae07,1652043,180,0,1
#hash_78a459bc984c2848,#hash_731315ef3fb1ae07,3942475,140,0,3
#hash_78a459bc984c2848,#hash_731315ef3fb1ae07,2942475,160,0,2
#hash_78a459bc984c2848,#hash_731315ef3fb1ae07,1942475,180,0,1
#hash_60364f458999dd5f,#hash_731315ef3fb1ae07,3541404,140,1043,3
#hash_60364f458999dd5f,#hash_731315ef3fb1ae07,2541404,160,1043,2
#hash_60364f458999dd5f,#hash_731315ef3fb1ae07,1541404,180,1043,1
#hash_132b2ceac2ab1a9c,#hash_731315ef3fb1ae07,3257200,140,0,3
#hash_132b2ceac2ab1a9c,#hash_731315ef3fb1ae07,2257200,160,0,2
#hash_132b2ceac2ab1a9c,#hash_731315ef3fb1ae07,1257200,180,0,1
#outfit_warrior_base_pal_exo1_battery,#hash_731315ef3fb1ae07,3849642,560,0,3
#outfit_warrior_base_pal_exo1_battery,#hash_731315ef3fb1ae07,2849642,640,0,2
#outfit_warrior_base_pal_exo1_battery,#hash_731315ef3fb1ae07,1849642,720,0,1
#hash_1fc7c00cb89ba122,#loot_stream,3405967,560,1118,3
#hash_1fc7c00cb89ba122,#loot_stream,2405967,640,1118,2
#hash_1fc7c00cb89ba122,#loot_stream,1405967,720,1118,1
#hash_599d78abfcb87c78,#loot_stream,3458687,560,1118,3
#hash_599d78abfcb87c78,#loot_stream,2458687,640,1118,2
#hash_599d78abfcb87c78,#loot_stream,1458687,720,1118,1
#hash_2617059b13c64030,#loot_stream,3529236,560,1118,3
#hash_2617059b13c64030,#loot_stream,2529236,640,1118,2
#hash_2617059b13c64030,#loot_stream,1529236,720,1118,1
#hash_25b7eeef7b28ddcb,#loot_stream,3662167,560,1118,3
#hash_25b7eeef7b28ddcb,#loot_stream,2662167,640,1118,2
#hash_25b7eeef7b28ddcb,#loot_stream,1662167,720,1118,1
#hash_30a394e0d90daf5d,#loot_stream,3579915,560,1118,3
#hash_30a394e0d90daf5d,#loot_stream,2579915,640,1118,2
#hash_30a394e0d90daf5d,#loot_stream,1579915,720,1118,1
#hash_2728bffa3ffd7d4,#loot_stream,3851463,560,1118,3
#hash_2728bffa3ffd7d4,#loot_stream,2851463,640,1118,2
#hash_2728bffa3ffd7d4,#loot_stream,1851463,720,1118,1
#hash_e9d96c9f5e1bcb3,#loot_stream,3480745,560,1118,3
#hash_e9d96c9f5e1bcb3,#loot_stream,2480745,640,1118,2
#hash_e9d96c9f5e1bcb3,#loot_stream,1480745,720,1118,1
#hash_38efe22ea7bdb148,#loot_stream,3061459,560,1118,3
#hash_38efe22ea7bdb148,#loot_stream,2061459,640,1118,2
#hash_38efe22ea7bdb148,#loot_stream,1061459,720,1118,1
#outfit_warrior_epic1_crash,#hash_731315ef3fb1ae07,3205283,560,2494,3
#outfit_warrior_epic1_crash,#hash_731315ef3fb1ae07,2205283,640,2494,2
#outfit_warrior_epic1_crash,#hash_731315ef3fb1ae07,1205283,720,2494,1
#outfit_warrior_epic1_prophet,#hash_731315ef3fb1ae07,3534910,560,1344,3
#outfit_warrior_epic1_prophet,#hash_731315ef3fb1ae07,2534910,640,1344,2
#outfit_warrior_epic1_prophet,#hash_731315ef3fb1ae07,1534910,720,1344,1
#hash_50e9c5776a3ea79f,#loot_stream,3598113,560,1118,3
#hash_50e9c5776a3ea79f,#loot_stream,2598113,640,1118,2
#hash_50e9c5776a3ea79f,#loot_stream,1598113,720,1118,1
#hash_798d344dd9074c31,#loot_stream,3584367,560,1118,3
#hash_798d344dd9074c31,#loot_stream,2584367,640,1118,2
#hash_798d344dd9074c31,#loot_stream,1584367,720,1118,1
#hash_5fef066cb185b3d4,#hash_731315ef3fb1ae07,3012900,560,1289,3
#hash_5fef066cb185b3d4,#hash_731315ef3fb1ae07,2012900,640,1289,2
#hash_5fef066cb185b3d4,#hash_731315ef3fb1ae07,1012900,720,1289,1
#camo_active_sig_tr_midburst_bomber_base,#loot_stream,1640460,1000,0,1
#hash_21739e2ae02f5187,#hash_731315ef3fb1ae07,1123898,1600,0,1
#hash_5e244875cb835151,#hash_731315ef3fb1ae07,1186962,2000,0,1
#abr_8_crates,#hash_731315ef3fb1ae07,1163052,2000,50000,1
#hash_3075688a5007f00,#hash_731315ef3fb1ae07,1373109,300,0,1
#hash_3075688a5007f00,#hash_731315ef3fb1ae07,2373109,400,0,2
#hash_3075688a5007f00,#hash_731315ef3fb1ae07,3373109,500,0,3
#hash_2ee6d9e68e4aba01,#hash_731315ef3fb1ae07,1090974,400,1000,1
#hash_2ee6d9e68e4aba01,#hash_731315ef3fb1ae07,2090974,500,0,2
#hash_2ee6d9e68e4aba01,#hash_731315ef3fb1ae07,3090974,600,0,3
#hash_176bc271dd0d0153,#special_order,1943942,480,807,1
#hash_176bc271dd0d0153,#special_order,2943942,500,807,2
#hash_176bc271dd0d0153,#special_order,3943942,600,807,3
#hash_5e9c5f76f4313ee,#special_order,1519612,400,807,1
#hash_5e9c5f76f4313ee,#special_order,2519612,500,807,2
#hash_5e9c5f76f4313ee,#special_order,3519612,600,807,3
#hash_1650e2d48996a074,#special_order,1406463,490,807,1
#hash_1650e2d48996a074,#special_order,2406463,500,807,2
#hash_1650e2d48996a074,#special_order,3406463,600,807,3
#hash_30ce320acbec7290,#special_order,1573245,400,807,1
#hash_30ce320acbec7290,#special_order,2573245,500,807,2
#hash_30ce320acbec7290,#special_order,3573245,600,807,3
#hash_1d3916c363e9b980,#special_order,1518581,480,807,1
#hash_1d3916c363e9b980,#special_order,2518581,500,807,2
#hash_1d3916c363e9b980,#special_order,3518581,600,807,3
#hash_1d5b58a7c44e0bc9,#special_order,1220241,490,807,1
#hash_1d5b58a7c44e0bc9,#special_order,2220241,500,807,2
#hash_1d5b58a7c44e0bc9,#special_order,3220241,600,807,3
#hash_4fa997983aa038dc,#special_order,1255337,480,807,1
#hash_4fa997983aa038dc,#special_order,2255337,500,807,2
#hash_4fa997983aa038dc,#special_order,3255337,600,807,3
#hash_76f58f14e7899deb,#special_order,1573672,400,807,1
#hash_76f58f14e7899deb,#special_order,2573672,500,807,2
#hash_76f58f14e7899deb,#special_order,3573672,600,807,3
#hash_654fec57e810f500,#special_order,1617121,480,807,1
#hash_654fec57e810f500,#special_order,2617121,500,807,2
#hash_654fec57e810f500,#special_order,3617121,600,807,3
#hash_5005572016f98ebf,#special_order,1446502,490,807,1
#hash_5005572016f98ebf,#special_order,2446502,500,807,2
#hash_5005572016f98ebf,#special_order,3446502,600,807,3
#hash_41b99ba75fc6815b,#special_order,1088436,580,2202,1
#hash_41b99ba75fc6815b,#special_order,2088436,600,2202,2
#hash_41b99ba75fc6815b,#special_order,3088436,800,2202,3
#hash_362b4c89df6c4748,#special_order,1424760,580,2202,1
#hash_362b4c89df6c4748,#special_order,2424760,600,2202,2
#hash_362b4c89df6c4748,#special_order,3424760,800,2202,3
#hash_46cba3b9a82eecc0,#special_order,1257893,500,2202,1
#hash_46cba3b9a82eecc0,#special_order,2257893,600,2202,2
#hash_46cba3b9a82eecc0,#special_order,3257893,800,2202,3
#hash_46c3a0c6a5852e6c,#special_order,1366927,600,2202,1
#hash_46c3a0c6a5852e6c,#special_order,2366927,800,2202,2
#loot_contract_crash_cop,#special_order,3444031,600,2203,3
#loot_contract_crash_cop,#special_order,1444031,700,2203,1
#loot_contract_crash_cop,#special_order,2444031,800,2203,2
#loot_contract_nomad_heist,#special_order,3365499,600,2203,3
#loot_contract_nomad_heist,#special_order,1365499,700,2203,1
#loot_contract_nomad_heist,#special_order,2365499,800,2203,2
#loot_contract_seraph_cop,#special_order,3913949,600,2203,3
#loot_contract_seraph_cop,#special_order,1913949,700,2203,1
#loot_contract_seraph_cop,#special_order,2913949,800,2203,2
#hash_46c3a0c6a5852e6c,#special_order,3366927,500,2203,3
#loot_contract_zero_cyberpunk,#special_order,1404466,500,2458,1
#loot_contract_zero_cyberpunk,#special_order,2404466,600,2458,2
#loot_contract_zero_cyberpunk,#special_order,3404466,700,2458,3
#loot_contract_richtofen,#special_order,1781759,500,2694,1
#loot_contract_richtofen,#special_order,2781759,580,2694,2
#loot_contract_richtofen,#special_order,3781759,600,2694,3
#abr_8_crates,#hash_731315ef3fb1ae07,2163052,2400,0,2
#hash_78b5b62acc867e6,#hash_731315ef3fb1ae07,1313999,800,0,1
#hash_3658e788d9adf660,#hash_731315ef3fb1ae07,1833374,800,0,1
#hash_6f19e01f158b1af5,#hash_731315ef3fb1ae07,1075158,1200,0,1
#hash_634f3ff44882a3ba,#hash_731315ef3fb1ae07,1755731,1200,0,1
